booking_id,guest_id,room_type,check_in_date,check_out_date,booking_date,total_amount,booking_status
B000001,G00495,Deluxe King,2024-03-25,2024-03-28,2024-03-18,680.03,Checked-Out
B000002,G00549,Deluxe King,2025-01-03,2025-01-06,2024-12-03,485.02,Checked-Out
B000003,G00153,Executive Suite,2024-06-01,2024-06-06,2024-05-26,2133.77,Checked-Out
B000004,G00416,Deluxe King,2024-05-27,2024-05-29,2024-05-03,478.99,Checked-Out
B000005,G00033,Suite,2024-10-15,2024-10-17,2024-08-23,856.75,Checked-Out
B000006,G00512,Standard Queen,2024-03-31,2024-04-03,2024-02-17,362.13,Checked-Out
B000007,G00044,Executive Suite,2024-09-20,2024-09-23,2024-08-10,1271.52,Checked-Out
B000008,G00288,Deluxe King,2024-05-27,2024-06-02,2024-04-27,987.94,Checked-Out
B000009,G00148,Executive Suite,2024-11-06,2024-11-08,2024-10-05,807.83,Checked-Out
B000010,G00399,Standard Queen,2025-03-30,2025-03-31,2024-12-30,138.04,Checked-Out
B000011,G00081,Suite,2025-02-21,2025-02-24,2024-12-12,1255.01,Checked-Out
B000012,G00407,Deluxe King,2024-10-25,2024-10-26,2024-09-13,243.87,Checked-Out
B000013,G00385,Deluxe King,2024-06-20,2024-06-25,2024-06-16,914.07,Checked-Out
B000014,G00076,Standard Queen,2024-09-04,2024-09-08,2024-08-09,665.58,Checked-Out
B000015,G00110,Deluxe King,2024-03-03,2024-03-07,2024-02-12,935.86,Checked-Out
B000016,G00442,Suite,2024-02-20,2024-02-23,2024-02-16,893.67,Checked-Out
B000017,G00333,Standard Queen,2024-10-03,2024-10-06,2024-08-17,439.63,Checked-Out
B000018,G00249,Standard Queen,2024-07-22,2024-07-25,2024-07-16,562.76,Cancelled
B000019,G00065,Standard Queen,2024-12-10,2024-12-13,2024-10-19,427.75,Checked-Out
B000020,G00508,Suite,2024-05-09,2024-05-11,2024-03-26,686.39,Cancelled
B000021,G00390,Standard Queen,2024-12-15,2024-12-17,2024-10-31,382.32,Checked-Out
B000022,G00329,Executive Suite,2024-07-31,2024-08-05,2024-06-17,3217.78,Checked-Out
B000023,G00503,Standard Queen,2025-01-10,2025-01-13,2024-11-04,449.6,Checked-Out
B000024,G00578,Suite,2024-12-01,2024-12-04,2024-10-21,1046.29,Checked-Out
B000025,G00215,Suite,2024-05-30,2024-06-01,2024-04-12,569.42,Checked-Out
B000026,G00512,Suite,2024-10-08,2024-10-12,2024-08-12,1676.96,
B000027,G00460,Standard Queen,2024-04-19,2024-04-21,2024-03-12,303.47,Checked-Out
B000028,G00038,Executive Suite,2024-12-15,2024-12-18,2024-11-02,1852.23,Checked-Out
B000029,G00364,Deluxe King,2024-08-28,2024-08-31,2024-07-03,505.49,Checked-Out
B000030,G00340,Deluxe King,2024-04-27,2024-04-30,2024-03-26,674.02,Cancelled
B000031,G00590,Deluxe King,2024-08-19,2024-08-21,2024-08-08,423.76,Checked-Out
B000032,G00026,Suite,2024-06-05,2024-06-08,2024-04-23,1202.48,Checked-Out
B000033,G00357,Standard Queen,2024-09-25,2024-10-02,2024-09-04,1276.44,Checked-Out
B000034,G00464,Standard Queen,2024-06-22,2024-06-25,2024-06-08,381.97,Checked-Out
B000035,G00169,Standard Queen,2024-06-12,2024-06-17,2024-06-12,918.44,Checked-Out
B000036,G00415,Deluxe King,2024-06-21,2024-06-23,2024-05-04,511.69,Checked-Out
B000037,G00461,Deluxe King,2024-12-16,2024-12-20,2024-11-18,934.96,No-Show
B000038,G00065,Standard Queen,2024-11-30,2024-12-04,2024-10-30,705.7,Checked-Out
B000039,G00502,Standard Queen,2024-11-16,2024-11-18,2024-10-22,308.63,Checked-Out
B000040,G00469,Deluxe King,2025-02-05,2025-02-08,2024-09-27,656.1,Checked-Out
B000041,G00138,Standard Queen,2024-12-11,2024-12-15,2024-11-12,664.35,Checked-Out
B000042,G00142,Deluxe King,2024-06-26,2024-06-28,2024-06-09,348.27,Checked-Out
B000043,G00178,Deluxe King,2024-11-03,2024-11-06,2024-10-21,755.75,Cancelled
B000044,G00368,Standard Queen,2024-10-28,2024-10-30,2024-10-11,307.65,Checked-Out
B000045,G00504,Standard Double,2024-02-11,2024-02-16,2024-01-05,736.9,Checked-Out
B000046,G00300,Standard Queen,2024-09-14,2024-09-17,2024-07-31,366.94,Checked-Out
B000047,G00508,Suite,2024-02-11,2024-02-13,2024-01-17,757.98,Checked-Out
B000048,G00043,Suite,2024-11-26,2024-11-28,2024-10-08,848.15,Checked-Out
B000049,G00034,Suite,2024-09-26,2024-09-28,2024-08-13,822.97,Checked-Out
B000050,G00360,Standard Double,2024-08-28,2024-08-31,2024-08-18,498.88,Checked-Out
B000051,G00061,Standard Queen,2025-02-11,2025-02-13,2024-12-29,270.99,Checked-Out
B000052,G00587,Standard Queen,2024-11-03,2024-11-06,2024-10-18,580.28,Checked-Out
B000053,G00422,Suite,2024-10-19,2024-10-28,2024-05-16,2669.98,Cancelled
B000054,G00254,Executive Suite,2024-07-23,2024-07-25,2024-01-31,924.84,Checked-Out
B000055,G00096,Standard Queen,2024-12-24,2024-12-27,2024-12-12,453.2,Checked-Out
B000056,G00596,Executive Suite,2024-09-02,2024-09-06,2024-07-25,2054.7,Checked-Out
B000057,G00367,Suite,2024-03-30,2024-04-03,2024-01-02,1440.91,Checked-Out
B000058,G00291,Deluxe King,2024-03-16,2024-03-18,2024-02-02,362.37,Checked-Out
B000059,G00050,Deluxe King,2024-07-26,2024-07-29,2024-06-21,583.12,Checked-Out
B000060,G00439,Executive Suite,2024-01-31,2024-02-01,2024-01-24,439.5,Checked-Out
B000061,G00096,Standard Queen,2024-07-29,2024-08-04,2024-04-13,1113.49,No-Show
B000062,G00313,Executive Suite,2024-12-11,2024-12-14,2024-12-01,1324.14,Checked-Out
B000063,G00136,Suite,2025-02-06,2025-02-10,2024-12-24,1120.76,Checked-Out
B000064,G00433,Standard Queen,2024-11-28,2024-12-01,2024-10-30,437.3,Checked-Out
B000065,G00377,Standard Queen,2024-12-31,2025-01-02,2024-12-21,360.89,Checked-Out
B000066,G00169,Suite,2024-06-14,2024-06-18,2024-06-02,1167.89,Checked-Out
B000067,G00223,Standard Queen,2024-08-27,2024-08-31,2024-08-13,603.51,Checked-Out
B000068,G00323,Deluxe King,2024-04-19,2024-04-24,2024-02-14,992.02,Cancelled
B000069,G00028,Deluxe King,2024-04-09,2024-04-10,2024-03-12,220.0,Checked-Out
B000070,G00056,Deluxe King,2025-02-08,2025-02-11,2024-12-03,704.35,Checked-Out
B000071,G00013,Deluxe King,2024-06-05,2024-06-07,2024-05-02,334.2,No-Show
B000072,G00177,Suite,2024-09-06,2024-09-09,2024-07-03,1060.95,Checked-Out
B000073,G00062,Standard Queen,2024-12-07,2024-12-08,2024-08-29,139.66,Checked-Out
B000074,G00550,Suite,2024-09-11,2024-09-15,2024-07-22,1416.5,Checked-Out
B000075,G00160,Standard Queen,2024-11-10,2024-11-11,2024-10-02,189.07,Cancelled
B000076,G00448,Suite,2024-10-27,2024-10-31,2024-10-01,1596.74,Checked-Out
B000077,G00180,Standard Queen,2024-05-03,2024-05-10,2024-05-02,1161.46,Checked-Out
B000078,G00266,Standard Queen,2024-03-04,2024-03-08,2024-03-02,765.9,Checked-Out
B000079,G00440,Standard Queen,2024-04-11,2024-04-15,2024-03-26,749.97,Checked-Out
B000080,G00369,Deluxe King,2024-06-27,2024-07-01,2024-05-19,670.83,Checked-Out
B000081,G00119,Standard Queen,2024-03-18,2024-03-20,2024-01-29,,No-Show
B000082,G00393,Executive Suite,2024-05-27,2024-05-28,2024-04-26,461.14,Checked-Out
B000083,G00330,Executive Suite,2024-03-26,2024-03-29,2024-03-17,1755.5,Checked-Out
B000084,G00054,Suite,2024-06-30,2024-07-02,2024-05-07,760.04,Checked-Out
B000085,G00290,Standard Double,2024-04-25,2024-05-04,2024-04-01,1051.42,Checked-Out
B000086,G00249,Deluxe King,2024-07-03,2024-07-06,2024-06-08,567.48,Checked-Out
B000087,G00252,Suite,2024-09-17,2024-09-27,2024-08-25,4081.81,Checked-Out
B000088,G00010,Deluxe King,2024-03-24,2024-03-25,2024-03-18,223.59,Checked-Out
B000089,G00244,Suite,2024-06-26,2024-07-01,2024-06-20,1490.96,Checked-Out
B000090,G00238,Standard Queen,2024-09-03,2024-09-12,2024-08-02,1268.88,Checked-Out
B000091,G00137,Standard Double,2024-11-21,2024-11-24,2024-09-23,353.83,Checked-Out
B000092,G00299,Standard Queen,2025-01-24,2025-01-27,2024-11-22,509.05,Checked-Out
B000093,G00279,Suite,2024-08-11,2024-08-16,2024-05-13,2043.43,Checked-Out
B000094,G00461,Suite,2024-05-02,2024-05-04,2024-04-29,598.14,Checked-Out
B000095,G00272,Standard Double,2024-09-06,2024-09-09,2024-08-26,379.6,Checked-Out
B000096,G00336,Suite,2024-03-06,2024-03-11,2024-03-02,1435.29,Checked-Out
B000097,G00179,Deluxe King,2024-03-19,2024-03-27,2024-03-16,1319.16,Checked-Out
B000098,G00144,Deluxe King,2024-06-12,2024-06-15,2024-01-16,508.42,Checked-Out
B000099,G00087,Suite,2024-03-06,2024-03-08,2024-03-03,690.28,Checked-Out
B000100,G00455,Standard Queen,2024-12-24,2024-12-29,2024-10-25,624.18,Cancelled
B000101,G00444,Executive Suite,2024-03-11,2024-03-13,2024-03-06,825.32,Cancelled
B000102,G00287,Standard Queen,2024-09-02,2024-09-06,2024-07-21,544.41,Checked-Out
B000103,G00564,Deluxe King,2024-10-17,2024-10-21,2024-08-16,898.91,Checked-Out
B000104,G00256,Deluxe King,2024-09-06,2024-09-09,2024-09-02,672.8,Checked-Out
B000105,G00558,Standard Double,2025-04-27,2025-05-02,2024-11-18,833.67,Checked-Out
B000106,G00225,Deluxe King,2024-10-01,2024-10-04,2024-09-05,533.94,Checked-Out
B000107,G00599,Suite,2024-04-10,2024-04-12,2024-01-16,725.09,Checked-Out
B000108,G00058,Standard Queen,2024-08-10,2024-08-12,2024-04-29,320.05,Checked-Out
B000109,G00243,Executive Suite,2024-06-17,2024-06-20,2024-04-22,1943.66,Checked-Out
B000110,G00582,Deluxe King,2024-11-29,2024-12-02,2024-10-30,691.04,Checked-Out
B000111,G00180,Suite,2024-10-29,2024-11-03,2024-10-15,2249.09,Checked-Out
B000112,G00207,Standard Queen,2024-09-08,2024-09-10,2024-09-08,318.97,Checked-Out
B000113,G00146,Suite,2024-03-20,2024-03-27,2024-03-07,2356.4,Checked-Out
B000114,G00104,Standard Queen,2024-05-24,2024-05-27,2024-02-26,518.52,Checked-Out
B000115,G00499,Suite,2024-07-03,2024-07-12,2024-06-21,3208.07,Checked-Out
B000116,G00229,Suite,2024-12-28,2025-01-05,2024-11-28,3540.38,Checked-Out
B000117,G00002,Suite,2025-01-11,2025-01-14,2024-12-06,994.62,Checked-Out
B000118,G00326,Suite,2025-03-08,2025-03-14,2024-12-25,2275.86,Checked-Out
B000119,G00356,Deluxe King,2024-12-05,2024-12-07,2024-11-09,386.23,Checked-Out
B000120,G00012,Suite,2024-06-22,2024-06-27,2024-06-12,2038.13,Checked-Out
B000121,G00396,Standard Queen,2024-06-14,2024-06-15,2024-05-15,128.1,Checked-Out
B000122,G00104,Deluxe King,2024-09-17,2024-09-23,2024-08-12,1187.23,Checked-Out
B000123,G00035,Suite,2024-10-21,2024-10-25,2024-09-02,1233.86,Checked-Out
B000124,G00077,Standard Queen,2024-06-03,2024-06-11,2024-05-30,1062.06,Checked-Out
B000125,G00442,Standard Double,2024-12-09,2024-12-11,2024-10-07,349.05,Checked-Out
B000126,G00568,Standard Queen,2024-12-21,2024-12-23,2024-11-30,270.83,Checked-Out
B000127,G00503,Standard Queen,2024-10-20,2024-10-22,2024-10-03,298.94,Checked-Out
B000128,G00205,Standard Queen,2024-03-19,2024-03-22,2024-03-19,508.95,Checked-Out
B000129,G00408,Standard Double,2024-02-21,2024-02-25,2024-02-19,580.6,Checked-Out
B000130,G00391,Deluxe King,2024-10-20,2024-10-22,2024-08-29,397.51,Checked-Out
B000131,G00064,Deluxe King,2024-07-17,2024-07-19,2024-07-08,365.25,Checked-Out
B000132,G00233,Suite,2024-05-09,2024-05-10,2024-03-18,421.43,Checked-Out
B000133,G00487,Deluxe King,2024-10-16,2024-10-21,2024-10-10,1067.76,No-Show
B000134,G00585,Deluxe King,2025-01-04,2025-01-06,2024-10-20,490.79,
B000135,G00172,Standard Queen,2024-12-12,2024-12-21,2024-09-21,1720.75,Checked-Out
B000136,G00152,Standard Queen,2024-06-22,2024-06-23,2024-04-18,171.23,Checked-Out
B000137,G00533,Deluxe King,2024-11-10,2024-11-11,2024-10-31,215.21,No-Show
B000138,G00425,Deluxe King,2024-10-22,2024-10-27,2024-08-22,1061.28,Checked-Out
B000139,G00104,Standard Double,2024-04-12,2024-04-15,2024-03-17,357.04,Checked-Out
B000140,G00485,Deluxe King,2024-08-23,2024-08-25,2024-05-26,396.61,Checked-Out
B000141,G00340,Deluxe King,2024-02-09,2024-02-11,2024-01-20,458.73,Checked-Out
B000142,G00311,Executive Suite,2025-01-11,2025-01-18,2024-12-19,2835.41,Checked-Out
B000143,G00308,Suite,2024-07-01,2024-07-07,2024-06-08,2701.12,Checked-Out
B000144,G00217,Deluxe King,2024-09-24,2024-09-26,2024-08-14,449.11,Checked-Out
B000145,G00068,Deluxe King,2024-09-20,2024-09-23,2024-07-27,496.86,Checked-Out
B000146,G00198,Executive Suite,2024-07-21,2024-07-23,2024-06-08,1239.67,Checked-Out
B000147,G00378,Standard Queen,2024-06-19,2024-06-20,2024-04-12,147.03,Checked-Out
B000148,G00457,Suite,2024-10-15,2024-10-22,2024-08-25,2256.37,Checked-Out
B000149,G00093,Standard Queen,2024-08-29,2024-09-01,2024-03-31,396.79,No-Show
B000150,G00231,Deluxe King,2024-05-25,2024-05-27,2024-05-25,512.98,No-Show
B000151,G00010,Standard Queen,2025-01-09,2025-01-12,2024-12-12,535.57,Checked-Out
B000152,G00313,Suite,2024-11-19,2024-11-21,2024-08-30,638.32,Checked-Out
B000153,G00224,Executive Suite,2025-06-21,2025-06-23,2024-12-30,1225.79,Checked-Out
B000154,G00384,Deluxe King,2024-09-19,2024-09-24,2024-08-26,851.16,Checked-Out
B000155,G00284,Suite,2024-12-03,2024-12-05,2024-10-14,728.61,Checked-Out
B000156,G00154,Suite,2024-12-09,2024-12-11,2024-11-23,872.33,Checked-Out
B000157,G00328,Executive Suite,2024-11-19,2024-11-20,2024-09-21,602.51,Checked-Out
B000158,G00398,Standard Double,2024-12-22,2024-12-26,2024-12-14,520.64,Checked-Out
B000159,G00488,Standard Queen,2024-03-08,2024-03-13,2024-01-19,867.51,Checked-Out
B000160,G00100,Suite,2024-12-26,2024-12-31,2024-12-09,2166.93,Checked-Out
B000161,G00344,Deluxe King,2024-09-14,2024-09-18,2024-08-29,1005.05,Cancelled
B000162,G00381,Executive Suite,2024-12-06,2024-12-08,2024-12-01,1010.24,No-Show
B000163,G00073,Deluxe King,2024-06-27,2024-07-03,2024-05-13,1479.84,Checked-Out
B000164,G00155,Suite,2024-11-14,2024-11-16,2024-08-29,745.44,Checked-Out
B000165,G00324,Deluxe King,2024-07-23,2024-07-26,2024-03-11,751.99,Checked-Out
B000166,G00463,Standard Double,2024-05-18,2024-05-20,2024-04-02,267.88,Checked-Out
B000167,G00133,Standard Queen,2024-06-02,2024-06-05,2024-05-20,536.67,Checked-Out
B000168,G00205,Standard Double,2024-12-24,2024-12-27,2024-11-10,416.5,Checked-Out
B000169,G00255,Deluxe King,2024-11-19,2024-11-24,2024-07-10,808.96,Checked-Out
B000170,G00067,Standard Queen,2024-06-06,2024-06-08,2024-04-25,315.5,Checked-Out
B000171,G00138,Deluxe King,2024-02-10,2024-02-13,2024-01-24,637.24,Checked-Out
B000172,G00414,Standard Queen,2024-11-24,2024-11-27,2024-06-24,573.32,Cancelled
B000173,G00039,Standard Queen,2024-01-22,2024-01-24,2024-01-10,315.7,Checked-Out
B000174,G00111,Deluxe King,2024-09-18,2024-09-23,2024-07-11,1096.96,Checked-Out
B000175,G00486,Deluxe King,2025-01-31,2025-02-04,2024-11-30,792.1,Checked-Out
B000176,G00533,Standard Queen,2025-01-24,2025-01-28,2024-12-25,606.26,Checked-Out
B000177,G00121,Suite,2024-07-10,2024-07-12,2024-05-18,596.72,Checked-Out
B000178,G00207,Deluxe King,2024-06-04,2024-06-07,2024-05-24,713.39,Checked-Out
B000179,G00493,Deluxe King,2024-08-11,2024-08-13,2024-07-02,502.07,Checked-Out
B000180,G00153,Executive Suite,2024-06-26,2024-06-30,2024-06-18,2435.23,Checked-Out
B000181,G00304,Standard Queen,2024-03-20,2024-03-24,2024-02-16,556.77,Checked-Out
B000182,G00321,Executive Suite,2024-06-18,2024-06-23,2024-05-15,3065.31,Checked-Out
B000183,G00175,Executive Suite,2024-09-09,2024-09-15,2024-08-06,2414.51,Checked-Out
B000184,G00351,Standard Queen,2024-07-09,2024-07-17,2024-06-17,1399.84,Checked-Out
B000185,G00432,Standard Queen,2024-04-23,2024-05-01,2024-04-03,1191.43,No-Show
B000186,G00164,Suite,2025-02-02,2025-02-04,2024-11-28,580.53,Cancelled
B000187,G00368,Deluxe King,2024-04-12,2024-04-15,2024-02-23,611.45,Checked-Out
B000188,G00065,Deluxe King,2024-11-11,2024-11-14,2024-11-09,746.28,Checked-Out
B000189,G00579,Suite,2024-06-13,2024-06-17,2024-05-13,1657.27,Checked-Out
B000190,G00444,Deluxe King,2024-10-17,2024-10-23,2024-04-24,1372.94,Checked-Out
B000191,G00572,Suite,2025-01-19,2025-01-21,2024-12-04,694.71,Checked-Out
B000192,G00504,Deluxe King,2024-11-11,2024-11-14,2024-11-09,628.75,Checked-Out
B000193,G00241,Standard Queen,2024-06-29,2024-06-30,2024-06-13,168.25,Checked-Out
B000194,G00510,Standard Queen,2024-04-06,2024-04-09,2024-02-10,472.15,Checked-Out
B000195,G00312,Deluxe King,2024-12-06,2024-12-09,2024-11-30,480.05,Checked-Out
B000196,G00229,Standard Double,2024-11-07,2024-11-11,2024-09-17,549.74,Checked-Out
B000197,G00100,Suite,2024-09-16,2024-09-19,2024-08-20,1030.73,Checked-Out
B000198,G00383,Deluxe King,2024-12-21,2024-12-24,2024-12-03,719.97,Checked-Out
B000199,G00261,Suite,2025-01-07,2025-01-10,2024-12-25,1229.82,Checked-Out
B000200,G00347,Deluxe King,2024-11-19,2024-11-26,2024-11-08,1439.93,Checked-Out
B000201,G00462,Suite,2024-03-28,2024-04-04,2024-02-25,2681.29,Checked-Out
B000202,G00444,Deluxe King,2024-10-08,2024-10-10,2024-08-22,426.07,Checked-Out
B000203,G00132,Executive Suite,2024-12-12,2024-12-17,2024-10-26,2864.77,Checked-Out
B000204,G00255,Standard Queen,2024-03-21,2024-03-25,2024-02-23,744.42,Checked-Out
B000205,G00525,Deluxe King,2024-06-07,2024-06-16,2024-05-20,1560.03,Checked-Out
B000206,G00206,Suite,2024-08-19,2024-08-25,2024-06-02,2662.29,Checked-Out
B000207,G00183,Executive Suite,2024-05-27,2024-05-31,2024-04-17,1732.67,Checked-Out
B000208,G00585,Standard Queen,2024-11-04,2024-11-06,2024-09-14,292.84,Checked-Out
B000209,G00014,Suite,2025-01-28,2025-02-01,2024-12-07,1320.15,Checked-Out
B000210,G00165,Suite,2024-10-14,2024-10-16,2024-09-24,629.97,Checked-Out
B000211,G00034,Suite,2024-06-30,2024-07-05,2024-05-26,1658.25,Checked-Out
B000212,G00575,Suite,2024-09-04,2024-09-08,2024-07-02,1513.32,Checked-Out
B000213,G00321,Suite,2024-08-17,2024-08-19,2024-07-18,884.27,Checked-Out
B000214,G00231,Executive Suite,2024-10-13,2024-10-15,2024-10-09,1230.22,Checked-Out
B000215,G00199,Deluxe King,2025-01-10,2025-01-13,2024-11-20,701.54,Checked-Out
B000216,G00042,Standard Double,2024-07-21,2024-07-22,2024-05-30,163.46,Checked-Out
B000217,G00159,Deluxe King,2024-08-23,2024-08-25,2024-08-07,371.0,Checked-Out
B000218,G00309,Suite,2024-02-08,2024-02-11,2024-01-21,1168.32,Checked-Out
B000219,G00189,Suite,2024-10-26,2024-10-29,2024-09-08,1006.88,Checked-Out
B000220,G00219,Deluxe King,2024-09-25,2024-09-28,2024-09-23,507.58,Checked-Out
B000221,G00575,Standard Double,2024-12-24,2024-12-26,2024-12-05,310.56,Checked-Out
B000222,G00041,Executive Suite,2024-12-03,2024-12-06,2024-11-28,1660.28,Checked-Out
B000223,G00290,Executive Suite,2025-02-26,2025-03-05,2024-12-15,3475.28,Checked-Out
B000224,G00304,Deluxe King,2024-04-09,2024-04-14,2024-01-13,1054.37,Checked-Out
B000225,G00547,Standard Queen,2024-12-23,2024-12-24,2024-11-29,192.87,Checked-Out
B000226,G00107,Suite,2024-02-10,2024-02-14,2024-01-04,1725.47,Checked-Out
B000227,G00074,Suite,2024-06-07,2024-06-13,2024-04-15,2137.0,Checked-Out
B000228,G00258,Standard Queen,2025-01-08,2025-01-12,2024-12-17,501.97,Checked-Out
B000229,G00324,Deluxe King,2024-10-15,2024-10-22,2024-10-12,1435.79,Checked-Out
B000230,G00600,Deluxe King,2024-01-20,2024-01-23,2024-01-09,665.5,Checked-Out
B000231,G00089,Deluxe King,2024-02-26,2024-02-29,2024-01-24,566.95,Checked-Out
B000232,G00226,Suite,2024-07-08,2024-07-11,2024-05-24,856.18,Checked-Out
B000233,G00383,Deluxe King,2024-05-05,2024-05-10,2024-03-10,1280.07,Checked-Out
B000234,G00561,Standard Queen,2024-02-23,2024-02-25,2024-01-06,325.91,Checked-Out
B000235,G00189,Executive Suite,2024-03-03,2024-03-05,2024-02-13,1225.73,Checked-Out
B000236,G00563,Standard Queen,2024-06-01,2024-06-03,2024-04-23,359.95,No-Show
B000237,G00499,Standard Queen,2024-09-26,2024-09-28,2024-08-24,254.73,Checked-Out
B000238,G00326,Standard Queen,2024-07-17,2024-07-21,2024-06-18,665.85,Cancelled
B000239,G00324,Suite,2024-10-25,2024-10-29,2024-09-05,1226.68,Checked-Out
B000240,G00369,Standard Queen,2024-08-25,2024-08-27,2024-08-07,350.97,Checked-Out
B000241,G00565,Deluxe King,2024-04-19,2024-04-25,2024-03-09,1175.24,Checked-Out
B000242,G00202,Standard Queen,2024-03-23,2024-03-24,2024-02-25,181.98,No-Show
B000243,G00032,Standard Queen,2024-07-04,2024-07-05,2024-05-14,121.4,Checked-Out
B000244,G00553,Executive Suite,2024-12-18,2024-12-21,2024-10-24,1613.7,Checked-Out
B000245,G00298,Standard Queen,2024-10-03,2024-10-06,2024-08-29,533.73,Checked-Out
B000246,G00170,Deluxe King,2024-04-26,2024-04-25,2024-03-09,161.06,Checked-Out
B000247,G00496,Executive Suite,2024-10-03,2024-10-05,2024-09-20,1129.71,Cancelled
B000248,G00531,Standard Queen,2024-07-09,2024-07-11,2024-07-02,275.1,Checked-Out
B000249,G00534,Standard Queen,2024-07-25,2024-07-31,2024-07-03,1011.84,Checked-Out
B000250,G00388,Deluxe King,2025-02-15,2025-02-19,2024-11-20,868.06,Checked-Out
B000251,G00529,Deluxe King,2024-09-03,2024-09-08,2024-07-06,988.16,Cancelled
B000252,G00143,Deluxe King,2024-08-14,2024-08-17,2024-07-26,661.26,Checked-Out
B000253,G00122,Standard Queen,2024-08-23,2024-08-26,2024-08-13,393.8,Checked-Out
B000254,G00166,Deluxe King,2024-12-22,2024-12-26,2024-12-04,831.53,Checked-Out
B000255,G00525,Standard Queen,2025-01-27,2025-01-29,2024-11-27,328.85,Checked-Out
B000256,G00578,Standard Queen,2024-03-26,2024-03-27,2024-01-21,133.5,Cancelled
B000257,G00494,Standard Queen,2024-11-26,2024-12-04,2024-11-22,1323.92,Checked-Out
B000258,G00524,Suite,2024-04-18,2024-04-22,2024-03-28,1694.32,Checked-Out
B000259,G00395,Deluxe King,2024-06-13,2024-06-15,2024-05-15,438.12,Checked-Out
B000260,G00099,Executive Suite,2024-03-22,2024-03-25,2024-03-08,1713.28,Checked-Out
B000261,G00096,Executive Suite,2024-05-20,2024-05-23,2024-03-31,1598.57,Checked-Out
B000262,G00442,Suite,2024-11-01,2024-11-05,2024-09-03,1747.88,Checked-Out
B000263,G00391,Deluxe King,2024-11-21,2024-11-22,2024-09-24,182.95,Checked-Out
B000264,G00261,Suite,2024-08-21,2024-08-28,2024-06-28,2665.75,Checked-Out
B000265,G00194,Standard Queen,2024-10-31,2024-11-06,2024-09-01,1114.54,Checked-Out
B000266,G00211,Deluxe King,2024-02-28,2024-02-29,2024-01-03,211.98,Checked-Out
B000267,G00549,Standard Queen,2025-03-02,2025-03-05,2024-12-18,506.6,Checked-Out
B000268,G00571,Suite,2024-09-23,2024-09-25,2024-08-04,824.24,Checked-Out
B000269,G00408,Standard Queen,2024-09-29,2024-10-02,2024-09-04,429.0,Checked-Out
B000270,G00103,Standard Queen,2024-06-01,2024-06-03,2024-03-11,357.47,Cancelled
B000271,G00165,Deluxe King,2024-06-14,2024-06-16,2024-04-19,459.41,Checked-Out
B000272,G00091,Suite,2024-10-17,2024-10-22,2024-07-18,1812.71,Checked-Out
B000273,G00534,Standard Queen,2024-02-21,2024-02-22,2024-02-02,148.82,Cancelled
B000274,G00011,Suite,2024-07-15,2024-07-16,2024-05-26,310.67,Checked-Out
B000275,G00529,Standard Queen,2024-07-12,2024-07-17,2024-04-13,612.6,Checked-Out
B000276,G00089,Deluxe King,2025-01-05,2025-01-09,2024-12-23,902.01,Cancelled
B000277,G00071,Deluxe King,2024-07-02,2024-07-06,2024-05-21,720.12,Checked-Out
B000278,G00284,Executive Suite,2024-04-10,2024-04-15,2024-02-16,2435.12,Cancelled
B000279,G00519,Deluxe King,2024-06-01,2024-06-04,2024-04-25,481.4,Checked-Out
B000280,G00551,Executive Suite,2024-04-11,2024-04-13,2024-02-24,1201.47,Cancelled
B000281,G00470,Deluxe King,2024-11-12,2024-11-20,2024-10-21,1895.97,Checked-Out
B000282,G00226,Deluxe King,2025-02-01,2025-02-07,2024-12-14,1114.69,Checked-Out
B000283,G00270,Standard Double,2025-02-06,2025-02-08,2024-12-12,296.31,Checked-Out
B000284,G00488,Suite,2024-05-27,2024-05-31,2024-05-07,1173.22,Cancelled
B000285,G00511,Executive Suite,2024-07-05,2024-07-07,2024-06-09,1141.55,Cancelled
B000286,G00365,Standard Queen,2024-04-27,2024-05-03,2024-04-12,811.24,Checked-Out
B000287,G00555,Suite,2024-04-23,2024-04-30,2024-03-20,2772.69,Checked-Out
B000288,G00282,Deluxe King,2024-04-03,2024-04-07,2024-01-22,1034.14,No-Show
B000289,G00434,Standard Queen,2024-10-02,2024-10-04,2024-09-08,326.5,Checked-Out
B000290,G00124,Deluxe King,2024-11-02,2024-11-05,2024-09-01,685.9,Checked-Out
B000291,G00334,Standard Queen,2025-02-02,2025-02-06,2024-12-23,543.23,Checked-Out
B000292,G00352,Standard Queen,2024-08-12,2024-08-14,2024-07-04,280.41,Cancelled
B000293,G00287,Suite,2024-07-27,2024-07-29,2024-07-06,690.31,No-Show
B000294,G00242,Suite,2024-08-30,2024-09-08,2024-08-18,3802.35,Checked-Out
B000295,G00010,Suite,2024-11-23,2024-11-25,2024-10-11,818.49,Checked-Out
B000296,G00499,Suite,2024-05-05,2024-05-15,2024-03-31,3704.76,Checked-Out
B000297,G00261,Standard Queen,2024-06-28,2024-06-29,2024-06-02,132.25,Checked-Out
B000298,G00264,Standard Queen,2024-11-03,2024-11-06,2024-08-31,441.22,Checked-Out
B000299,G00552,Suite,2024-06-26,2024-06-29,2024-06-25,1157.93,Checked-Out
B000300,G00081,Suite,2024-08-04,2024-08-07,2024-03-30,1095.93,Checked-Out
B000301,G00346,Standard Queen,2024-08-28,2024-09-01,2024-07-14,530.27,Checked-Out
B000302,G00322,Executive Suite,2024-09-21,2024-09-24,2024-08-03,1259.33,Checked-Out
B000303,G00372,Deluxe King,2024-08-03,2024-08-05,2024-06-11,374.25,Checked-Out
B000304,G00258,Standard Queen,2024-12-11,2024-12-14,2024-10-27,365.2,Checked-Out
B000305,G00562,Standard Queen,2025-01-30,2025-02-01,2024-12-24,249.57,No-Show
B000306,G00087,Standard Double,2024-02-03,2024-02-06,2024-01-28,357.82,Checked-Out
B000307,G00135,Standard Queen,2025-02-12,2025-02-14,2024-12-01,282.63,Checked-Out
B000308,G00479,Deluxe King,2024-11-26,2024-11-27,2024-09-26,251.53,No-Show
B000309,G00468,Standard Double,2024-12-20,2024-12-23,2024-10-03,482.5,Checked-Out
B000310,G00356,Deluxe King,2025-01-17,2025-01-20,2024-11-19,671.86,Checked-Out
B000311,G00011,Standard Queen,2024-10-29,2024-10-30,2024-09-03,150.92,Checked-Out
B000312,G00504,Standard Queen,2024-02-25,2024-03-01,2024-01-01,775.95,Checked-Out
B000313,G00194,Deluxe King,2024-09-22,2024-09-27,2024-09-01,1198.38,Checked-Out
B000314,G00388,Standard Queen,2024-10-11,2024-10-14,2024-07-29,525.85,Checked-Out
B000315,G00279,Deluxe King,2024-05-13,2024-05-17,2024-04-22,959.98,Checked-Out
B000316,G00297,Deluxe King,2024-07-12,2024-07-17,2024-05-25,1226.74,Checked-Out
B000317,G00156,Suite,2024-04-16,2024-04-19,2024-02-26,1098.3,Checked-Out
B000318,G00009,Standard Queen,2024-04-28,2024-04-30,2024-01-26,280.38,Checked-Out
B000319,G00381,Standard Queen,2024-04-29,2024-05-02,2024-04-29,430.1,Checked-Out
B000320,G00402,Suite,2024-09-26,2024-09-28,2024-08-25,893.08,Checked-Out
B000321,G00125,Suite,2024-03-13,2024-03-15,2024-02-06,846.04,Checked-Out
B000322,G00097,Standard Double,2025-01-22,2025-01-24,2024-12-31,251.89,Checked-Out
B000323,G00044,Suite,2024-10-30,2024-11-02,2024-09-23,1003.86,Checked-Out
B000324,G00224,Standard Queen,2024-11-16,2024-11-19,2024-10-08,441.1,Checked-Out
B000325,G00249,Standard Queen,2024-03-19,2024-03-21,2024-02-27,281.42,Checked-Out
B000326,G00092,Deluxe King,2024-06-18,2024-06-23,2024-01-05,1098.11,Checked-Out
B000327,G00062,Standard Queen,2024-05-17,2024-05-21,2024-05-07,770.9,Checked-Out
B000328,G00572,Suite,2024-02-12,2024-02-16,2024-01-31,1208.08,Checked-Out
B000329,G00138,Suite,2025-01-21,2025-01-27,2024-11-26,1702.42,Checked-Out
B000330,G00581,Deluxe King,2024-07-23,2024-07-27,2024-05-08,857.09,Checked-Out
B000331,G00568,Standard Queen,2024-05-16,2024-05-20,2024-04-05,729.4,Cancelled
B000332,G00519,Suite,2024-03-25,2024-03-28,2024-03-23,1124.34,Checked-Out
B000333,G00065,Executive Suite,2024-09-10,2024-09-11,2024-07-13,594.0,Checked-Out
B000334,G00290,Suite,2025-04-22,2025-04-24,2024-12-03,828.01,Checked-Out
B000335,G00133,Deluxe King,2024-07-25,2024-07-27,2024-06-14,333.34,Checked-Out
B000336,G00398,Standard Queen,2024-06-07,2024-06-09,2024-04-01,244.77,Checked-Out
B000337,G00073,Standard Queen,2025-01-21,2025-01-25,2024-12-02,589.91,Checked-Out
B000338,G00063,Executive Suite,2024-03-14,2024-03-18,2024-01-07,2432.08,Checked-Out
B000339,G00273,Deluxe King,2024-08-31,2024-09-03,2024-07-03,692.53,Checked-Out
B000340,G00104,Standard Queen,2024-09-28,2024-10-03,2024-09-27,680.96,Checked-Out
B000341,G00572,Suite,2024-06-04,2024-06-06,2024-04-28,759.51,Cancelled
B000342,G00438,Deluxe King,2024-11-15,2024-11-20,2024-10-12,1137.25,Checked-Out
B000343,G00454,Deluxe King,2024-03-07,2024-03-10,2024-02-23,677.26,Checked-Out
B000344,G00441,Standard Queen,2024-09-15,2024-09-25,2024-06-29,1478.79,Checked-Out
B000345,G00369,Deluxe King,2024-08-02,2024-08-05,2024-06-14,645.07,Checked-Out
B000346,G00139,Standard Queen,2024-10-01,2024-10-02,2024-08-19,141.34,Checked-Out
B000347,G00283,Standard Queen,2024-06-06,2024-06-08,2024-06-03,355.73,Cancelled
B000348,G00142,Standard Queen,2024-11-28,2024-12-05,2024-10-10,859.81,Checked-Out
B000349,G00583,Standard Queen,2024-06-10,2024-06-12,2024-05-15,285.05,Checked-Out
B000350,G00591,Deluxe King,2024-06-14,2024-06-16,2024-04-21,417.66,No-Show
B000351,G00343,Suite,2024-03-29,2024-03-30,2024-02-18,346.77,Checked-Out
B000352,G00012,Executive Suite,2024-09-09,2024-09-12,2024-06-27,1852.34,Checked-Out
B000353,G00335,Deluxe King,2025-01-02,2025-01-03,2024-11-20,191.93,Checked-Out
B000354,G00590,Suite,2024-10-19,2024-10-20,2024-09-14,348.75,Checked-Out
B000355,G00586,Deluxe King,2024-09-21,2024-09-23,2024-09-15,346.44,Checked-Out
B000356,G00139,Deluxe King,2024-03-05,2024-03-06,2024-01-26,237.38,Checked-Out
B000357,G00537,Deluxe King,2024-10-19,2024-10-22,2024-09-03,648.35,Cancelled
B000358,G00424,Standard Queen,2024-05-22,2024-05-27,2024-05-06,946.55,Checked-Out
B000359,G00359,Deluxe King,2024-08-18,2024-08-20,2024-08-04,324.84,Checked-Out
B000360,G00205,Standard Queen,2025-02-05,2025-02-08,2024-11-11,370.1,Checked-Out
B000361,G00295,Standard Queen,2024-12-26,2024-12-28,2024-12-16,382.34,Cancelled
B000362,G00217,Deluxe King,2024-01-19,2024-01-21,2024-01-08,386.38,Checked-Out
B000363,G00019,Deluxe King,2024-06-08,2024-06-10,2024-04-14,465.98,Checked-Out
B000364,G00278,Standard Queen,2024-09-01,2024-09-04,2024-07-11,373.52,Checked-Out
B000365,G00369,Suite,2024-02-28,2024-02-29,2024-01-28,396.02,Cancelled
B000366,G00324,Deluxe King,2024-03-02,2024-03-04,2024-02-25,515.32,Checked-Out
B000367,G00023,Standard Queen,2024-11-22,2024-11-23,2024-09-05,192.51,Checked-Out
B000368,G00361,Deluxe King,2024-02-14,2024-02-16,2024-01-21,468.88,Checked-Out
B000369,G00264,Standard Double,2024-08-07,2024-08-17,2024-06-30,1313.11,Checked-Out
B000370,G00350,Executive Suite,2024-10-12,2024-10-22,2024-07-17,6372.79,Checked-Out
B000371,G00233,Deluxe King,2024-08-22,2024-08-26,2024-07-20,911.2,No-Show
B000372,G00135,Standard Queen,2024-08-13,2024-08-16,2024-08-01,496.21,Checked-Out
B000373,G00537,Suite,2024-06-03,2024-06-06,2024-04-15,1292.86,Checked-Out
B000374,G00326,Standard Queen,2024-05-09,2024-05-18,2024-03-10,1709.8,Cancelled
B000375,G00327,Standard Queen,2024-03-29,2024-03-31,2024-02-04,371.95,Checked-Out
B000376,G00281,Executive Suite,2024-12-06,2024-12-09,2024-07-30,1870.6,Cancelled
B000377,G00581,Standard Queen,2024-04-21,2024-04-23,2024-03-18,387.89,Checked-Out
B000378,G00138,Standard Queen,2024-11-24,2024-11-26,2024-11-09,251.92,Checked-Out
B000379,G00141,Deluxe King,2024-11-29,2024-12-03,2024-09-14,980.85,Checked-Out
B000380,G00228,Standard Double,2024-04-02,2024-04-05,2024-03-24,530.34,Cancelled
B000381,G00502,Executive Suite,2025-04-05,2025-04-06,2024-12-09,646.41,No-Show
B000382,G00390,Deluxe King,2025-01-09,2025-01-15,2024-12-18,1425.73,Checked-Out
B000383,G00534,Deluxe King,2024-07-05,2024-07-08,2024-06-09,742.73,Checked-Out
B000384,G00041,Executive Suite,2024-04-22,2024-04-28,2024-02-25,2768.58,Checked-Out
B000385,G00293,Standard Queen,2024-11-09,2024-11-17,2024-10-12,1223.73,No-Show
B000386,G00463,Standard Queen,2024-09-10,2024-09-14,2024-08-24,635.09,Checked-Out
B000387,G00403,Deluxe King,2024-03-21,2024-03-23,2024-02-16,498.87,Checked-Out
B000388,G00466,Deluxe King,2024-08-07,2024-08-09,2024-07-30,462.53,Checked-Out
B000389,G00094,Suite,2024-03-17,2024-03-21,2024-02-16,1234.8,Checked-Out
B000390,G00524,Deluxe King,2024-04-19,2024-04-22,2024-02-28,595.23,Checked-Out
B000391,G00154,Standard Queen,2025-01-21,2025-01-24,2024-11-09,398.45,Checked-Out
B000392,G00457,Standard Queen,2024-05-29,2024-06-03,2024-03-24,,Checked-Out
B000393,G00013,Standard Double,2024-06-30,2024-07-06,2024-05-27,673.48,Checked-Out
B000394,G00488,Standard Queen,2024-10-07,2024-10-10,2024-08-22,558.61,Checked-Out
B000395,G00571,Standard Queen,2024-09-22,2024-09-26,2024-08-20,744.65,Checked-Out
B000396,G00592,Standard Queen,2024-04-18,2024-04-19,2024-04-16,130.9,Checked-Out
B000397,G00587,Deluxe King,2024-11-14,2024-11-15,2024-11-04,177.82,Checked-Out
B000398,G00331,Deluxe King,2024-11-05,2024-11-09,2024-10-14,654.34,Checked-Out
B000399,G00138,Deluxe King,2024-10-02,2024-10-03,2024-07-07,215.05,Checked-Out
B000400,G00060,Deluxe King,2024-04-11,2024-04-13,2024-03-03,361.97,Checked-Out
B000401,G00295,Standard Queen,2024-04-16,2024-04-19,2024-02-25,522.92,Checked-Out
B000402,G00577,Deluxe King,2024-09-16,2024-09-18,2024-08-06,444.65,Cancelled
B000403,G00298,Suite,2024-11-01,2024-11-04,2024-09-11,1303.92,Checked-Out
B000404,G00425,Suite,2024-04-09,2024-04-12,2024-04-09,1227.17,Checked-Out
B000405,G00289,Deluxe King,2024-08-04,2024-08-07,2024-07-30,483.39,Checked-Out
B000406,G00342,Deluxe King,2024-06-19,2024-06-21,2024-05-10,473.41,Checked-Out
B000407,G00347,Standard Queen,2024-07-19,2024-07-23,2024-06-23,532.69,Checked-Out
B000408,G00550,Deluxe King,2025-01-25,2025-01-30,2024-12-10,1040.75,Checked-Out
B000409,G00324,Suite,2024-08-16,2024-08-19,2024-06-20,1278.43,Checked-Out
B000410,G00068,Standard Queen,2024-11-17,2024-11-20,2024-10-11,566.14,Checked-Out
B000411,G00399,Deluxe King,2024-03-25,2024-03-27,2024-03-17,426.85,Checked-Out
B000412,G00279,Standard Queen,2024-06-02,2024-06-07,2024-04-05,921.68,Checked-Out
B000413,G00180,Suite,2024-08-02,2024-08-05,2024-07-30,998.88,Checked-Out
B000414,G00495,Executive Suite,2024-03-07,2024-03-12,2024-02-27,2554.72,Checked-Out
B000415,G00147,Suite,2024-10-01,2024-10-08,2024-09-13,2601.44,Checked-Out
B000416,G00535,Standard Queen,2024-05-07,2024-05-11,2024-02-20,697.37,Checked-Out
B000417,G00048,Deluxe King,2024-02-29,2024-03-04,2024-02-29,674.83,Checked-Out
B000418,G00215,Standard Queen,2024-04-14,2024-04-18,2024-02-22,707.55,Checked-Out
B000419,G00153,Standard Queen,2024-06-30,2024-07-02,2024-06-13,306.17,Checked-Out
B000420,G00563,Deluxe King,2024-03-29,2024-04-06,2024-03-21,1361.9,Checked-Out
B000421,G00347,Deluxe King,2024-07-12,2024-07-17,2024-06-12,885.64,Checked-Out
B000422,G00089,Executive Suite,2024-11-07,2024-11-08,2024-10-03,412.61,Checked-Out
B000423,G00365,Deluxe King,2024-09-05,2024-09-08,2024-08-06,730.85,Checked-Out
B000424,G00477,Suite,2024-06-22,2024-06-26,2024-06-08,1493.44,Cancelled
B000425,G00477,Deluxe King,2024-11-16,2024-11-19,2024-10-17,685.34,Checked-Out
B000426,G00188,Executive Suite,2024-09-12,2024-09-14,2024-08-28,929.03,Checked-Out
B000427,G00487,Executive Suite,2025-03-05,2025-03-10,2024-12-24,2566.6,Checked-Out
B000428,G00521,Standard Queen,2024-03-20,2024-03-25,2024-02-27,730.73,Checked-Out
B000429,G00546,Standard Queen,2024-04-15,2024-04-20,2024-02-22,843.54,Checked-Out
B000430,G00068,Standard Queen,2024-10-07,2024-10-09,2024-08-24,263.85,Checked-Out
B000431,G00558,Suite,2024-07-23,2024-07-26,2024-06-23,1068.56,Checked-Out
B000432,G00118,Suite,2025-01-19,2025-01-23,2024-12-21,1618.34,Checked-Out
B000433,G00072,Suite,2024-12-10,2024-12-13,2024-10-30,932.49,Cancelled
B000434,G00093,Deluxe King,2024-11-29,2024-12-04,2024-11-02,1047.15,Checked-Out
B000435,G00153,Suite,2024-07-19,2024-07-22,2024-04-21,1265.17,Checked-Out
B000436,G00307,Deluxe King,2024-10-01,2024-10-05,2024-08-19,722.26,No-Show
B000437,G00353,Executive Suite,2024-12-09,2024-12-11,2024-10-18,1017.36,Cancelled
B000438,G00379,Deluxe King,2024-04-05,2024-04-14,2024-02-15,1554.8,Checked-Out
B000439,G00032,Suite,2025-01-07,2025-01-11,2024-10-08,1371.47,No-Show
B000440,G00559,Standard Queen,2024-06-18,2024-06-21,2024-04-30,446.13,Checked-Out
B000441,G00428,Deluxe King,2024-06-03,2024-06-05,2024-04-18,488.67,Checked-Out
B000442,G00499,Standard Queen,2024-04-17,2024-04-19,2024-03-19,337.26,Checked-Out
B000443,G00436,Deluxe King,2025-01-06,2025-01-07,2024-12-02,201.59,Checked-Out
B000444,G00435,Suite,2024-12-09,2024-12-12,2024-11-15,1041.98,Checked-Out
B000445,G00560,Standard Queen,2024-11-12,2024-11-17,2024-11-05,788.15,Checked-Out
B000446,G00082,Suite,2024-10-31,2024-11-03,2024-10-22,899.41,Checked-Out
B000447,G00081,Standard Double,2024-04-29,2024-05-08,2024-03-13,1498.69,Checked-Out
B000448,G00553,Deluxe King,2024-11-26,2024-11-28,2024-09-24,452.75,Checked-Out
B000449,G00481,Deluxe King,2024-11-01,2024-11-08,2024-10-23,1127.55,Checked-Out
B000450,G00312,Standard Double,2024-12-03,2024-12-06,2024-10-20,397.87,Checked-Out
B000451,G00028,Standard Queen,2024-11-12,2024-11-15,2024-10-15,371.61,Cancelled
B000452,G00288,Executive Suite,2024-06-30,2024-07-03,2024-05-26,1408.39,Checked-Out
B000453,G00458,Deluxe King,2024-07-20,2024-07-24,2024-05-20,1004.05,Checked-Out
B000454,G00034,Standard Queen,2024-09-15,2024-09-20,2024-07-08,667.8,Checked-Out
B000455,G00423,Suite,2024-10-11,2024-10-14,2024-06-24,1279.75,Checked-Out
B000456,G00056,Standard Queen,2024-08-06,2024-08-10,2024-07-15,653.33,Checked-Out
B000457,G00546,Deluxe King,2024-12-05,2024-12-06,2024-11-24,207.62,Checked-Out
B000458,G00296,Standard Queen,2024-05-29,2024-06-01,2024-04-29,479.35,Checked-Out
B000459,G00363,Suite,2024-09-04,2024-09-12,2024-08-17,2297.42,Cancelled
B000460,G00599,Standard Queen,2024-09-29,2024-10-05,2024-08-09,840.19,Checked-Out
B000461,G00346,Suite,2024-09-09,2024-09-13,2024-07-19,1532.11,Checked-Out
B000462,G00422,Standard Queen,2025-01-17,2025-01-19,2024-12-12,241.27,Checked-Out
B000463,G00025,Standard Queen,2024-04-12,2024-04-15,2024-02-20,423.74,Checked-Out
B000464,G00134,Deluxe King,2024-11-16,2024-11-24,2024-11-13,1846.46,Checked-Out
B000465,G00189,Suite,2024-09-08,2024-09-12,2024-07-11,1249.34,
B000466,G00438,Deluxe King,2024-06-07,2024-06-14,2024-05-09,1765.89,Checked-Out
B000467,G00064,Standard Queen,2025-03-15,2025-03-20,2024-12-20,892.77,Checked-Out
B000468,G00206,Suite,2024-07-23,2024-07-25,2024-07-14,622.28,Checked-Out
B000469,G00109,Standard Queen,2024-12-06,2024-12-09,2024-11-08,532.96,Checked-Out
B000470,G00020,Standard Queen,2024-09-17,2024-09-18,2024-08-14,174.57,Checked-Out
B000471,G00338,Standard Queen,2024-10-09,2024-10-10,2024-09-11,149.29,Checked-Out
B000472,G00072,Suite,2024-09-04,2024-09-08,2024-07-19,1454.7,Checked-Out
B000473,G00368,Suite,2024-10-23,2024-10-31,2024-10-03,2914.89,Checked-Out
B000474,G00349,Standard Double,2024-08-01,2024-08-02,2024-06-19,157.3,Checked-Out
B000475,G00394,Deluxe King,2024-05-06,2024-05-11,2024-02-11,888.31,Checked-Out
B000476,G00449,Standard Queen,2025-01-03,2025-01-06,2024-12-04,514.99,Checked-Out
B000477,G00554,Standard Double,2024-04-21,2024-04-22,2024-04-07,128.69,Checked-Out
B000478,G00348,Suite,2024-12-20,2024-12-28,2024-11-25,3593.2,Checked-Out
B000479,G00550,Standard Queen,2024-02-07,2024-02-10,2024-01-29,507.12,Checked-Out
B000480,G00483,Standard Queen,2024-04-24,2024-05-01,2024-03-17,914.33,Checked-Out
B000481,G00100,Deluxe King,2024-11-14,2024-11-15,2024-11-12,250.47,Checked-Out
B000482,G00226,Suite,2024-10-17,2024-10-20,2024-08-21,895.82,Checked-Out
B000483,G00124,Suite,2024-04-16,2024-04-18,2024-02-02,818.27,Checked-Out
B000484,G00178,Standard Double,2025-01-20,2025-01-22,2024-12-16,253.85,Checked-Out
B000485,G00450,Deluxe King,2024-06-24,2024-06-26,2024-06-20,459.26,Checked-Out
B000486,G00162,Suite,2024-07-05,2024-07-07,2024-05-04,781.27,Checked-Out
B000487,G00291,Standard Queen,2024-03-12,2024-03-13,2024-01-09,126.69,Checked-Out
B000488,G00536,Suite,2024-09-26,2024-10-01,2024-08-01,1580.39,Checked-Out
B000489,G00091,Standard Queen,2024-09-23,2024-09-27,2024-08-18,534.0,Checked-Out
B000490,G00543,Standard Queen,2025-01-26,2025-01-28,2024-11-17,275.35,Checked-Out
B000491,G00214,Deluxe King,2024-04-16,2024-04-21,2024-02-18,909.64,Checked-Out
B000492,G00181,Suite,2024-05-22,2024-05-27,2024-05-21,2247.5,Checked-Out
B000493,G00465,Deluxe King,2024-04-23,2024-04-24,2024-03-22,180.96,Checked-Out
B000494,G00119,Standard Queen,2024-02-01,2024-02-08,2024-01-23,1252.38,Checked-Out
B000495,G00334,Deluxe King,2024-04-30,2024-05-03,2024-02-06,605.72,Checked-Out
B000496,G00226,Standard Queen,2024-06-07,2024-06-09,2024-04-27,301.89,Checked-Out
B000497,G00183,Deluxe King,2024-03-24,2024-03-25,2024-02-07,181.62,Checked-Out
B000498,G00131,Deluxe King,2024-08-08,2024-08-12,2024-07-17,1030.22,Checked-Out
B000499,G00352,Standard Queen,2024-02-18,2024-02-20,2024-01-17,309.83,Checked-Out
B000500,G00592,Suite,2024-07-11,2024-07-13,2024-04-22,893.47,Cancelled
B000501,G00485,Deluxe King,2024-12-12,2024-12-15,2024-10-10,738.66,Checked-Out
B000502,G00153,Standard Queen,2024-09-14,2024-09-18,2024-08-24,578.19,Checked-Out
B000503,G00035,Standard Queen,2025-01-02,2025-01-11,2024-10-20,1397.69,Checked-Out
B000504,G00086,Suite,2024-09-20,2024-09-25,2024-08-05,1485.75,Checked-Out
B000505,G00093,Executive Suite,2024-12-04,2024-12-08,2024-10-12,1732.71,Checked-Out
B000506,G00466,Deluxe King,2024-02-18,2024-02-20,2024-01-09,434.08,Checked-Out
B000507,G00002,Standard Queen,2024-10-22,2024-10-26,2024-08-25,741.47,Checked-Out
B000508,G00556,Standard Queen,2024-11-22,2024-11-25,2024-11-17,529.4,Checked-Out
B000509,G00528,Deluxe King,2024-12-16,2024-12-20,2024-10-21,774.28,Cancelled
B000510,G00180,Deluxe King,2024-12-20,2024-12-22,2024-12-11,443.83,Checked-Out
B000511,G00553,Suite,2024-12-30,2025-01-02,2024-11-27,912.66,Checked-Out
B000512,G00231,Deluxe King,2024-04-22,2024-04-29,2024-02-28,1791.37,Checked-Out
B000513,G00464,Deluxe King,2024-06-29,2024-07-02,2024-06-13,496.34,Checked-Out
B000514,G00300,Suite,2024-11-01,2024-11-03,2024-09-05,797.41,Checked-Out
B000515,G00193,Suite,2024-10-14,2024-10-18,2024-08-19,1804.66,No-Show
B000516,G00283,Standard Queen,2024-08-28,2024-09-03,2024-08-22,1150.48,Checked-Out
B000517,G00427,Standard Queen,2024-04-13,2024-04-15,2024-02-27,382.82,Checked-Out
B000518,G00194,Deluxe King,2025-01-19,2025-01-22,2024-12-15,701.31,Checked-Out
B000519,G00335,Deluxe King,2024-02-05,2024-02-10,2024-02-02,967.94,Checked-Out
B000520,G00314,Deluxe King,2024-10-28,2024-10-31,2024-09-05,617.4,Checked-Out
B000521,G00362,Standard Double,2024-05-05,2024-05-08,2024-03-28,497.65,Checked-Out
B000522,G00180,Standard Queen,2024-06-30,2024-07-04,2024-05-25,640.6,Checked-Out
B000523,G00589,Standard Queen,2025-02-18,2025-02-23,2024-12-28,643.84,Cancelled
B000524,G00353,Deluxe King,2024-04-16,2024-04-18,2024-03-05,326.94,Checked-Out
B000525,G00512,Deluxe King,2024-04-10,2024-04-19,2024-03-16,1549.34,Checked-Out
B000526,G00340,Standard Queen,2024-06-13,2024-06-15,2024-03-15,350.77,Cancelled
B000527,G00151,Standard Double,2025-01-12,2025-01-18,2024-11-27,988.75,Cancelled
B000528,G00143,Suite,2024-12-15,2024-12-18,2024-10-16,1224.11,Cancelled
B000529,G00335,Deluxe King,2025-01-22,2025-01-23,2024-12-13,182.04,Checked-Out
B000530,G00024,Standard Queen,2024-03-06,2024-03-09,2024-01-29,570.52,Checked-Out
B000531,G00503,Standard Double,2024-03-28,2024-04-01,2024-02-12,721.24,Checked-Out
B000532,G00438,Executive Suite,2024-07-28,2024-08-05,2024-06-11,3922.13,Checked-Out
B000533,G00090,Deluxe King,2024-07-16,2024-07-18,2024-07-08,515.5,No-Show
B000534,G00435,Deluxe King,2024-06-04,2024-06-08,2024-04-20,817.0,Checked-Out
B000535,G00538,Standard Queen,2024-08-26,2024-08-29,2024-07-31,428.23,Cancelled
B000536,G00570,Deluxe King,2024-06-26,2024-06-27,2024-06-20,251.44,Checked-Out
B000537,G00503,Standard Queen,2024-10-18,2024-10-25,2024-08-24,1276.95,Checked-Out
B000538,G00028,Standard Queen,2024-04-01,2024-04-06,2024-01-22,809.73,Checked-Out
B000539,G00295,Suite,2024-01-19,2024-01-27,2024-01-02,2901.56,Checked-Out
B000540,G00069,Standard Queen,2024-08-31,2024-09-04,2024-08-01,709.42,Checked-Out
B000541,G00123,Deluxe King,2024-12-21,2024-12-24,2024-11-02,557.37,Checked-Out
B000542,G00473,Standard Queen,2024-08-28,2024-08-29,2024-07-10,163.62,Checked-Out
B000543,G00050,Deluxe King,2025-01-02,2025-01-03,2024-12-20,223.62,Cancelled
B000544,G00097,Deluxe King,2024-06-25,2024-07-02,2024-05-28,1656.51,Checked-Out
B000545,G00278,Standard Queen,2024-12-20,2024-12-22,2024-11-02,366.75,Checked-Out
B000546,G00531,Deluxe King,2025-01-27,2025-01-28,2024-12-16,242.33,Checked-Out
B000547,G00516,Executive Suite,2024-06-16,2024-06-19,2024-05-24,1322.27,Checked-Out
B000548,G00545,Deluxe King,2024-07-18,2024-07-24,2024-04-23,1458.85,Checked-Out
B000549,G00135,Deluxe King,2025-02-23,2025-02-28,2024-12-30,1258.02,Checked-Out
B000550,G00536,Standard Queen,2024-02-18,2024-02-22,2024-01-09,612.58,Cancelled
B000551,G00146,Suite,2024-07-11,2024-07-12,2024-06-24,318.91,No-Show
B000552,G00115,Standard Double,2024-12-30,2025-01-01,2024-12-18,283.47,Checked-Out
B000553,G00526,Standard Queen,2024-02-16,2024-02-21,2024-02-09,640.43,Checked-Out
B000554,G00099,Standard Queen,2024-10-31,2024-11-07,2024-10-30,998.36,Checked-Out
B000555,G00150,Standard Queen,2024-05-10,2024-05-13,2024-03-04,510.89,Checked-Out
B000556,G00518,Executive Suite,2024-08-02,2024-08-05,2024-05-22,1785.6,Checked-Out
B000557,G00551,Suite,2024-10-18,2024-10-21,2024-10-18,1346.24,Checked-Out
B000558,G00190,Executive Suite,2024-04-15,2024-04-22,2024-01-03,4289.77,Checked-Out
B000559,G00234,Deluxe King,2024-09-16,2024-09-18,2024-08-13,395.92,Checked-Out
B000560,G00296,Standard Queen,2024-08-14,2024-08-16,2024-07-27,260.39,Checked-Out
B000561,G00320,Standard Queen,2024-11-14,2024-11-16,2024-10-12,282.54,Checked-Out
B000562,G00072,Deluxe King,2025-05-13,2025-05-15,2024-12-17,516.99,Checked-Out
B000563,G00449,Standard Double,2024-11-11,2024-11-13,2024-08-31,292.83,Checked-Out
B000564,G00173,Deluxe King,2024-10-27,2024-10-29,2024-09-24,459.01,Cancelled
B000565,G00435,Deluxe King,2024-02-17,2024-02-19,2024-02-03,518.13,Checked-Out
B000566,G00410,Deluxe King,2024-10-12,2024-10-17,2024-09-12,1178.15,Checked-Out
B000567,G00466,Standard Double,2024-08-20,2024-08-28,2024-07-01,1182.39,Checked-Out
B000568,G00055,Deluxe King,2024-03-19,2024-03-22,2024-02-25,520.38,Checked-Out
B000569,G00099,Deluxe King,2024-03-06,2024-03-15,2024-02-04,2051.28,Checked-Out
B000570,G00503,Suite,2024-03-27,2024-04-01,2024-02-09,1576.69,Checked-Out
B000571,G00441,Deluxe King,2024-10-03,2024-10-08,2024-09-15,808.84,Checked-Out
B000572,G00311,Deluxe King,2024-03-19,2024-03-25,2024-03-01,981.59,Checked-Out
B000573,G00503,Suite,2025-01-17,2025-01-19,2024-12-27,730.61,Checked-Out
B000574,G00401,Deluxe King,2025-01-20,2025-01-23,2024-12-03,736.31,Checked-Out
B000575,G00029,Deluxe King,2024-06-26,2024-06-30,2024-05-14,1031.11,Checked-Out
B000576,G00350,Suite,2024-11-03,2024-11-05,2024-10-29,569.41,No-Show
B000577,G00241,Deluxe King,2024-07-18,2024-07-28,2024-07-13,1656.45,Checked-Out
B000578,G00021,Standard Queen,2024-12-07,2024-12-14,2024-11-27,1000.08,Checked-Out
B000579,G00021,Deluxe King,2024-10-24,2024-10-28,2024-10-02,845.9,Checked-Out
B000580,G00501,Deluxe King,2025-01-22,2025-01-31,2024-12-22,1791.27,Checked-Out
B000581,G00307,Deluxe King,2024-03-29,2024-03-31,2024-02-21,472.98,Checked-Out
B000582,G00549,Suite,2024-10-29,2024-11-01,2024-07-05,1253.25,Checked-Out
B000583,G00095,Deluxe King,2024-04-28,2024-04-30,2024-04-19,480.92,Checked-Out
B000584,G00356,Deluxe King,2024-10-28,2024-10-30,2024-10-23,426.21,Checked-Out
B000585,G00425,Standard Queen,2024-03-20,2024-03-23,2024-02-09,509.28,Checked-Out
B000586,G00529,Suite,2024-08-17,2024-08-20,2024-07-24,,Checked-Out
B000587,G00546,Suite,2024-05-12,2024-05-16,2024-04-05,1776.67,Checked-Out
B000588,G00374,Deluxe King,2025-02-08,2025-02-11,2024-11-10,668.03,Checked-Out
B000589,G00066,Suite,2024-09-05,2024-09-09,2024-08-24,1710.89,Checked-Out
B000590,G00242,Standard Queen,2024-12-11,2024-12-13,2024-11-20,264.09,Checked-Out
B000591,G00574,Standard Queen,2024-08-07,2024-08-09,2024-07-26,364.08,Checked-Out
B000592,G00285,Standard Queen,2024-10-09,2024-10-10,2024-08-11,130.23,Checked-Out
B000593,G00086,Standard Double,2025-01-23,2025-01-29,2024-12-03,876.05,Checked-Out
B000594,G00093,Standard Double,2024-08-06,2024-08-07,2024-06-09,174.77,Checked-Out
B000595,G00124,Standard Queen,2024-10-14,2024-10-19,2024-07-22,814.12,Checked-Out
B000596,G00244,Executive Suite,2024-11-12,2024-11-20,2024-09-24,3703.62,No-Show
B000597,G00242,Deluxe King,2024-11-21,2024-11-23,2024-11-03,397.99,Checked-Out
B000598,G00058,Standard Double,2024-08-15,2024-08-17,2024-08-04,285.53,Checked-Out
B000599,G00285,Standard Queen,2024-10-31,2024-11-08,2024-09-08,1214.27,Checked-Out
B000600,G00036,Standard Queen,2024-04-14,2024-04-17,2024-03-15,505.21,Cancelled
B000601,G00317,Suite,2025-01-06,2025-01-10,2024-12-05,1287.77,Checked-Out
B000602,G00454,Suite,2025-04-09,2025-04-16,2024-11-23,2615.27,Checked-Out
B000603,G00242,Executive Suite,2024-07-23,2024-07-30,2024-07-17,3326.55,Cancelled
B000604,G00417,Deluxe King,2024-06-14,2024-06-21,2024-06-01,1735.63,Checked-Out
B000605,G00341,Executive Suite,2024-01-28,2024-02-02,2024-01-18,2588.86,Checked-Out
B000606,G00431,Standard Queen,2024-10-30,2024-11-01,2024-08-04,279.15,Checked-Out
B000607,G00189,Deluxe King,2024-12-22,2024-12-26,2024-11-04,650.94,Checked-Out
B000608,G00085,Deluxe King,2025-01-08,2025-01-10,2024-11-18,445.66,Checked-Out
B000609,G00421,Suite,2024-03-21,2024-03-25,2024-02-26,1574.43,Checked-Out
B000610,G00289,Standard Queen,2024-08-09,2024-08-13,2024-06-12,686.24,Checked-Out
B000611,G00230,Executive Suite,2024-04-16,2024-04-18,2024-04-11,1272.38,No-Show
B000612,G00474,Deluxe King,2024-04-10,2024-04-13,2024-01-11,548.61,Checked-Out
B000613,G00377,Deluxe King,2024-04-24,2024-04-25,2024-04-11,220.04,Checked-Out
B000614,G00507,Deluxe King,2024-05-31,2024-06-01,2024-03-28,237.34,Cancelled
B000615,G00507,Executive Suite,2024-03-15,2024-03-17,2024-03-01,1191.06,Checked-Out
B000616,G00429,Standard Double,2024-07-28,2024-08-01,2024-07-14,527.23,Checked-Out
B000617,G00255,Standard Double,2024-05-07,2024-05-08,2024-04-02,128.48,Checked-Out
B000618,G00408,Standard Queen,2024-08-28,2024-08-31,2024-07-08,389.97,Checked-Out
B000619,G00061,Suite,2025-01-06,2025-01-10,2024-12-17,1299.36,Checked-Out
B000620,G00047,Deluxe King,2024-02-11,2024-02-14,2024-01-27,661.91,Checked-Out
B000621,G00573,Standard Double,2024-01-30,2024-02-02,2024-01-03,476.97,Checked-Out
B000622,G00092,Deluxe King,2024-03-01,2024-03-03,2024-01-22,387.84,Checked-Out
B000623,G00288,Standard Queen,2024-07-25,2024-07-27,2024-06-11,246.62,Checked-Out
B000624,G00530,Standard Queen,2024-09-11,2024-09-18,2024-07-03,1275.53,Cancelled
B000625,G00451,Standard Double,2024-07-15,2024-07-17,2024-06-09,330.91,Checked-Out
B000626,G00447,Standard Queen,2024-02-06,2024-02-08,2024-01-28,279.03,Checked-Out
B000627,G00505,Deluxe King,2024-08-01,2024-08-02,2024-02-29,230.9,Checked-Out
B000628,G00173,Standard Queen,2024-05-25,2024-05-27,2024-02-27,270.56,Checked-Out
B000629,G00539,Deluxe King,2024-12-05,2024-12-11,2024-09-17,1310.13,Cancelled
B000630,G00292,Deluxe King,2024-10-29,2024-10-31,2024-10-19,338.86,Checked-Out
B000631,G00158,Deluxe King,2025-03-30,2025-04-02,2024-12-14,765.37,Checked-Out
B000632,G00045,Standard Double,2024-01-22,2024-01-25,2024-01-15,460.78,Checked-Out
B000633,G00583,Suite,2025-01-15,2025-01-17,2024-12-01,817.01,Cancelled
B000634,G00561,Standard Queen,2024-03-16,2024-03-21,2024-03-07,899.31,Checked-Out
B000635,G00022,Standard Queen,2024-11-24,2024-11-26,2024-11-04,355.63,Checked-Out
B000636,G00503,Suite,2024-05-06,2024-05-08,2024-04-16,788.92,Checked-Out
B000637,G00377,Suite,2024-10-08,2024-10-10,2024-08-09,605.95,Checked-Out
B000638,G00433,Deluxe King,2024-10-11,2024-10-17,2024-09-19,1297.83,Checked-Out
B000639,G00230,Standard Queen,2024-08-20,2024-08-24,2024-07-07,634.0,Cancelled
B000640,G00480,Deluxe King,2025-01-01,2025-01-08,2024-11-27,1573.06,Checked-Out
B000641,G00255,Standard Double,2024-08-18,2024-08-20,2024-08-11,319.8,Checked-Out
B000642,G00436,Standard Queen,2024-11-12,2024-11-13,2024-09-24,123.38,Checked-Out
B000643,G00474,Deluxe King,2024-08-03,2024-08-06,2024-07-30,710.59,Checked-Out
B000644,G00466,Standard Queen,2024-05-28,2024-05-31,2024-04-01,557.27,Checked-Out
B000645,G00190,Standard Double,2025-02-03,2025-02-05,2024-12-09,345.99,Checked-Out
B000646,G00405,Suite,2024-03-31,2024-04-02,2024-02-10,711.83,Checked-Out
B000647,G00499,Deluxe King,2024-03-07,2024-03-10,2024-02-29,677.32,Checked-Out
B000648,G00310,Suite,2024-07-24,2024-07-27,2024-06-04,1202.4,Checked-Out
B000649,G00028,Suite,2024-02-22,2024-02-24,2024-02-14,803.61,Checked-Out
B000650,G00196,Deluxe King,2024-05-22,2024-05-26,2024-04-17,890.42,Checked-Out
B000651,G00456,Deluxe King,2024-03-07,2024-03-09,2024-02-14,343.29,Cancelled
B000652,G00402,Standard Queen,2024-11-02,2024-11-05,2024-09-05,426.34,Checked-Out
B000653,G00593,Suite,2024-02-07,2024-02-11,2024-01-27,1805.64,Checked-Out
B000654,G00500,Deluxe King,2024-12-11,2024-12-12,2024-11-01,211.34,Checked-Out
B000655,G00428,Deluxe King,2024-06-14,2024-06-15,2024-04-28,215.33,Checked-Out
B000656,G00295,Standard Queen,2024-09-26,2024-10-03,2024-08-30,1206.2,Checked-Out
B000657,G00480,Standard Queen,2024-05-23,2024-05-25,2024-04-08,376.36,Checked-Out
B000658,G00369,Standard Double,2024-05-31,2024-06-04,2024-03-08,681.26,Checked-Out
B000659,G00495,Standard Queen,2024-10-26,2024-10-28,2024-08-29,343.6,Checked-Out
B000660,G00311,Standard Queen,2024-03-20,2024-03-24,2024-03-07,604.8,Cancelled
B000661,G00179,Deluxe King,2024-05-09,2024-05-19,2024-04-30,1860.81,Checked-Out
B000662,G00499,Standard Queen,2024-09-15,2024-09-17,2024-09-14,274.0,Checked-Out
B000663,G00528,Suite,2024-09-25,2024-09-30,2024-05-12,1887.39,No-Show
B000664,G00114,Executive Suite,2024-12-28,2024-12-29,2024-11-05,599.75,Cancelled
B000665,G00108,Executive Suite,2024-04-14,2024-04-19,2024-02-24,3029.51,Checked-Out
B000666,G00519,Deluxe King,2024-05-23,2024-05-25,2024-03-26,465.67,Checked-Out
B000667,G00207,Deluxe King,2024-10-16,2024-10-18,2024-09-12,483.83,Checked-Out
B000668,G00088,Suite,2024-11-11,2024-11-13,2024-08-12,679.46,Checked-Out
B000669,G00432,Suite,2024-06-09,2024-06-06,2024-05-16,919.6,Checked-Out
B000670,G00371,Deluxe King,2024-05-17,2024-05-20,2024-04-26,617.63,No-Show
B000671,G00323,Suite,2024-03-11,2024-03-12,2024-01-16,445.14,Checked-Out
B000672,G00155,Deluxe King,2024-11-13,2024-11-16,2024-07-24,491.13,Cancelled
B000673,G00322,Executive Suite,2024-10-25,2024-10-28,2024-10-21,1725.59,No-Show
B000674,G00211,Deluxe King,2024-06-29,2024-07-06,2024-06-25,1222.8,Checked-Out
B000675,G00415,Suite,2024-11-24,2024-11-28,2024-10-05,1741.37,Checked-Out
B000676,G00130,Standard Queen,2024-06-13,2024-06-14,2024-04-11,174.38,Checked-Out
B000677,G00164,Deluxe King,2025-01-28,2025-01-30,2024-09-23,382.45,Checked-Out
B000678,G00114,Suite,2024-01-16,2024-01-18,2024-01-12,814.28,Cancelled
B000679,G00128,Deluxe King,2024-04-09,2024-04-13,2024-01-31,659.09,Checked-Out
B000680,G00580,Standard Double,2024-08-25,2024-08-28,2024-08-17,505.13,Cancelled
B000681,G00587,Suite,2025-03-22,2025-03-26,2024-12-31,1283.69,Checked-Out
B000682,G00370,Standard Queen,2024-12-30,2025-01-02,2024-12-10,433.77,Checked-Out
B000683,G00488,Standard Queen,2024-08-26,2024-08-31,2024-08-20,623.32,No-Show
B000684,G00271,Deluxe King,2024-05-31,2024-06-04,2024-04-19,863.59,Checked-Out
B000685,G00427,Suite,2024-12-09,2024-12-19,2024-10-26,4458.69,Checked-Out
B000686,G00542,Deluxe King,2024-04-05,2024-04-08,2024-03-24,770.41,Checked-Out
B000687,G00122,Suite,2024-04-15,2024-04-18,2024-03-01,1335.64,Checked-Out
B000688,G00381,Deluxe King,2025-01-07,2025-01-09,2024-11-04,328.06,Checked-Out
B000689,G00432,Standard Queen,2024-10-12,2024-10-14,2024-06-05,261.43,Checked-Out
B000690,G00126,Standard Queen,2024-04-04,2024-04-10,2024-01-25,1088.61,Checked-Out
B000691,G00387,Deluxe King,2024-10-16,2024-10-19,2024-10-07,649.73,Cancelled
B000692,G00461,Suite,2024-11-26,2024-11-30,2024-08-31,1473.33,Checked-Out
B000693,G00397,Standard Queen,2025-02-03,2025-02-07,2024-12-07,667.43,Checked-Out
B000694,G00091,Standard Double,2024-07-09,2024-07-12,2024-04-29,522.91,Checked-Out
B000695,G00573,Suite,2024-05-13,2024-05-17,2024-03-25,1336.19,Checked-Out
B000696,G00488,Suite,2024-03-11,2024-03-14,2024-02-13,1342.58,Checked-Out
B000697,G00211,Deluxe King,2024-11-17,2024-11-21,2024-09-14,1024.95,Checked-Out
B000698,G00412,Deluxe King,2024-07-31,2024-08-06,2024-05-05,1444.15,Checked-Out
B000699,G00392,Standard Queen,2024-10-28,2024-10-30,2024-10-28,243.61,Checked-Out
B000700,G00158,Standard Queen,2024-05-12,2024-05-15,2024-05-11,401.1,Checked-Out
B000701,G00060,Deluxe King,2024-11-30,2024-12-02,2024-06-06,385.06,Checked-Out
B000702,G00124,Executive Suite,2024-06-19,2024-06-21,2024-06-01,928.97,Cancelled
B000703,G00118,Deluxe King,2024-02-23,2024-02-26,2024-01-27,705.72,Checked-Out
B000704,G00020,Standard Queen,2024-05-24,2024-05-27,2024-05-17,366.5,Checked-Out
B000705,G00312,Standard Queen,2024-07-05,2024-07-09,2024-05-17,646.41,Checked-Out
B000706,G00554,Deluxe King,2024-11-19,2024-11-24,2024-10-17,1191.44,Checked-Out
B000707,G00476,Standard Double,2024-05-14,2024-05-22,2024-03-27,1206.89,Checked-Out
B000708,G00390,Executive Suite,2024-11-26,2024-11-27,2024-11-13,520.55,Checked-Out
B000709,G00577,Deluxe King,2024-09-03,2024-09-06,2024-06-28,493.65,Checked-Out
B000710,G00443,Suite,2024-02-25,2024-02-29,2024-02-05,1627.55,Cancelled
B000711,G00464,Suite,2024-06-12,2024-06-14,2024-04-17,679.92,Checked-Out
B000712,G00137,Deluxe King,2024-06-06,2024-06-08,2024-05-19,439.9,Checked-Out
B000713,G00501,Executive Suite,2025-02-14,2025-02-17,2024-11-26,1704.53,Checked-Out
B000714,G00456,Suite,2024-09-14,2024-09-20,2024-07-20,2245.58,No-Show
B000715,G00009,Deluxe King,2024-12-30,2025-01-04,2024-12-10,888.59,Checked-Out
B000716,G00367,Standard Queen,2024-05-03,2024-05-05,2024-03-04,351.47,Checked-Out
B000717,G00038,Standard Queen,2024-04-12,2024-04-17,2024-04-08,967.54,Cancelled
B000718,G00406,Standard Queen,2024-07-15,2024-07-19,2024-05-23,538.83,Checked-Out
B000719,G00579,Standard Queen,2024-05-15,2024-05-18,2024-02-26,403.6,Checked-Out
B000720,G00536,Standard Queen,2024-04-01,2024-04-05,2024-03-30,760.07,No-Show
B000721,G00574,Standard Double,2024-06-18,2024-06-19,2024-05-20,159.44,Checked-Out
B000722,G00443,Executive Suite,2024-08-26,2024-08-30,2024-08-20,1651.86,Cancelled
B000723,G00230,Deluxe King,2024-08-25,2024-08-28,2024-07-27,635.18,Checked-Out
B000724,G00586,Standard Queen,2024-02-15,2024-02-18,2024-01-25,448.17,Checked-Out
B000725,G00169,Deluxe King,2024-05-11,2024-05-20,2024-01-13,1507.0,Checked-Out
B000726,G00343,Standard Queen,2024-07-15,2024-07-19,2024-06-17,609.58,Checked-Out
B000727,G00243,Standard Queen,2024-05-31,2024-06-02,2024-05-08,248.16,Checked-Out
B000728,G00063,Standard Queen,2024-03-28,2024-03-31,2024-02-07,460.45,Checked-Out
B000729,G00309,Standard Queen,2024-02-17,2024-02-18,2024-01-18,188.93,Checked-Out
B000730,G00412,Standard Queen,2024-12-11,2024-12-13,2024-11-08,247.83,Checked-Out
B000731,G00394,Deluxe King,2024-04-03,2024-04-05,2024-02-19,451.94,Checked-Out
B000732,G00027,Standard Queen,2024-10-23,2024-10-27,2024-08-25,675.28,Checked-Out
B000733,G00199,Standard Queen,2024-10-08,2024-10-10,2024-08-20,329.28,Checked-Out
B000734,G00249,Deluxe King,2024-11-13,2024-11-15,2024-10-20,464.92,Checked-Out
B000735,G00367,Deluxe King,2024-04-12,2024-04-14,2024-03-11,422.63,Checked-Out
B000736,G00378,Standard Queen,2024-07-26,2024-07-31,2024-06-08,715.75,Checked-Out
B000737,G00056,Standard Queen,2024-02-26,2024-03-01,2024-01-05,632.13,Checked-Out
B000738,G00488,Standard Queen,2024-08-18,2024-08-22,2024-08-04,500.52,Checked-Out
B000739,G00307,Standard Queen,2025-02-04,2025-02-07,2024-12-21,490.14,Cancelled
B000740,G00004,Suite,2024-08-13,2024-08-16,2024-08-02,862.15,Checked-Out
B000741,G00340,Standard Queen,2024-12-08,2024-12-11,2024-11-23,468.17,Checked-Out
B000742,G00569,Standard Queen,2024-07-24,2024-07-29,2024-07-11,603.71,Checked-Out
B000743,G00031,Deluxe King,2024-03-21,2024-03-23,2024-02-28,473.11,Checked-Out
B000744,G00252,Standard Queen,2024-04-24,2024-04-26,2024-04-11,266.14,Checked-Out
B000745,G00389,Executive Suite,2024-04-14,2024-04-19,2024-04-01,2026.24,Checked-Out
B000746,G00382,Standard Queen,2025-01-04,2025-01-06,2024-12-01,308.43,Checked-Out
B000747,G00067,Standard Double,2024-12-28,2025-01-06,2024-12-04,1563.45,No-Show
B000748,G00440,Standard Queen,2024-03-13,2024-03-18,2024-03-01,741.82,Checked-Out
B000749,G00153,Deluxe King,2024-11-30,2024-12-05,2024-11-21,1227.22,Checked-Out
B000750,G00501,Executive Suite,2024-07-14,2024-07-19,2024-06-16,3064.38,Cancelled
B000751,G00522,Suite,2024-06-12,2024-06-15,2024-04-17,874.06,Checked-Out
B000752,G00507,Suite,2024-08-24,2024-08-26,2024-07-10,743.92,
B000753,G00208,Suite,2024-09-19,2024-09-23,2024-08-30,1574.82,Checked-Out
B000754,G00384,Deluxe King,2024-10-31,2024-11-02,2024-08-19,395.42,Checked-Out
B000755,G00043,Standard Queen,2024-06-14,2024-06-19,2024-05-10,794.56,Checked-Out
B000756,G00325,Deluxe King,2024-10-06,2024-10-09,2024-08-26,602.69,Checked-Out
B000757,G00302,Standard Queen,2024-06-01,2024-06-04,2024-05-19,377.07,Cancelled
B000758,G00369,Standard Queen,2024-11-03,2024-11-04,2024-09-13,137.08,Checked-Out
B000759,G00282,Standard Queen,2024-03-01,2024-03-03,2024-01-20,285.41,Checked-Out
B000760,G00009,Suite,2024-05-12,2024-05-22,2024-04-07,4094.69,Cancelled
B000761,G00013,Deluxe King,2024-06-21,2024-06-26,2024-06-02,1002.88,
B000762,G00215,Executive Suite,2024-10-23,2024-10-31,2024-08-29,3655.16,Checked-Out
B000763,G00088,Suite,2024-09-25,2024-09-30,2024-08-30,2032.2,Checked-Out
B000764,G00572,Suite,2024-08-22,2024-08-27,2024-06-09,1583.39,Checked-Out
B000765,G00364,Standard Queen,2024-02-11,2024-02-17,2024-01-16,1052.01,Checked-Out
B000766,G00334,Deluxe King,2024-07-13,2024-07-17,2024-06-22,951.46,Checked-Out
B000767,G00588,Standard Queen,2024-10-27,2024-11-03,2024-10-27,1340.13,Checked-Out
B000768,G00337,Standard Queen,2024-11-13,2024-11-21,2024-07-19,1191.86,Checked-Out
B000769,G00033,Standard Queen,2025-04-08,2025-04-14,2024-10-18,766.94,Checked-Out
B000770,G00239,Standard Queen,2025-01-18,2025-01-20,2024-12-18,384.45,Checked-Out
B000771,G00421,Deluxe King,2024-07-01,2024-07-04,2024-05-29,483.31,Checked-Out
B000772,G00212,Deluxe King,2024-07-30,2024-08-01,2024-07-19,468.63,Checked-Out
B000773,G00318,Suite,2024-05-16,2024-05-19,2024-03-07,1089.26,Checked-Out
B000774,G00066,Standard Queen,2024-11-26,2024-11-30,2024-10-27,482.23,Checked-Out
B000775,G00590,Executive Suite,2024-08-30,2024-09-02,2024-07-23,1859.43,Checked-Out
B000776,G00305,Executive Suite,2024-03-01,2024-03-05,2024-01-21,1946.78,Checked-Out
B000777,G00443,Deluxe King,2024-09-13,2024-09-18,2024-07-19,889.79,Checked-Out
B000778,G00246,Deluxe King,2024-09-20,2024-09-22,2024-08-22,398.71,Cancelled
B000779,G00223,Suite,2024-04-18,2024-04-21,2024-03-21,875.04,Checked-Out
B000780,G00334,Standard Double,2024-11-03,2024-11-06,2024-09-09,352.07,Checked-Out
B000781,G00473,Standard Queen,2024-09-05,2024-09-07,2024-07-28,244.01,Checked-Out
B000782,G00140,Deluxe King,2024-08-03,2024-08-09,2024-07-14,966.44,Checked-Out
B000783,G00449,Standard Queen,2024-07-31,2024-08-03,2024-06-16,483.4,Checked-Out
B000784,G00302,Standard Queen,2024-04-20,2024-04-25,2024-03-12,606.77,Checked-Out
B000785,G00452,Suite,2024-04-16,2024-04-18,2024-03-04,563.92,Checked-Out
B000786,G00536,Suite,2024-08-01,2024-08-02,2024-07-02,317.83,Checked-Out
B000787,G00005,Deluxe King,2025-01-15,2025-01-21,2024-11-24,1144.99,Checked-Out
B000788,G00017,Standard Queen,2024-03-20,2024-03-22,2024-01-25,376.31,Checked-Out
B000789,G00099,Standard Queen,2024-08-03,2024-08-05,2024-08-03,340.34,Checked-Out
B000790,G00195,Deluxe King,2024-12-19,2024-12-20,2024-12-06,241.56,Checked-Out
B000791,G00332,Deluxe King,2024-12-10,2024-12-13,2024-11-15,549.72,Checked-Out
B000792,G00286,Standard Queen,2024-04-03,2024-04-04,2024-03-29,136.51,Checked-Out
B000793,G00105,Standard Queen,2024-12-30,2024-12-31,2024-11-28,142.62,Checked-Out
B000794,G00398,Standard Queen,2025-02-28,2025-03-06,2024-12-30,1151.57,Checked-Out
B000795,G00326,Standard Queen,2025-03-08,2025-03-12,2024-12-13,670.61,No-Show
B000796,G00239,Executive Suite,2025-01-17,2025-01-18,2024-12-07,512.23,Checked-Out
B000797,G00439,Deluxe King,2024-10-15,2024-10-17,2024-09-14,499.36,Checked-Out
B000798,G00039,Deluxe King,2024-06-05,2024-06-07,2024-05-04,360.4,Checked-Out
B000799,G00326,Deluxe King,2024-07-20,2024-07-29,2024-05-01,2229.6,Checked-Out
B000800,G00025,Standard Double,2024-12-27,2024-12-30,2024-11-25,472.09,Checked-Out
B000801,G00255,Standard Queen,2024-07-07,2024-07-09,2024-04-27,248.11,Cancelled
B000802,G00007,Deluxe King,2025-01-24,2025-01-28,2024-12-17,768.65,Checked-Out
B000803,G00129,Standard Queen,2024-04-06,2024-04-14,2024-02-03,1555.21,Cancelled
B000804,G00479,Executive Suite,2024-03-12,2024-03-17,2024-02-16,2295.39,Checked-Out
B000805,G00460,Standard Queen,2024-06-22,2024-06-24,2024-06-08,277.35,Checked-Out
B000806,G00452,Standard Double,2024-12-14,2024-12-15,2024-11-21,139.88,Checked-Out
B000807,G00391,Standard Queen,2024-09-27,2024-09-30,2024-08-04,574.6,Checked-Out
B000808,G00180,Standard Queen,2024-10-30,2024-11-06,2024-08-06,1122.03,Checked-Out
B000809,G00140,Deluxe King,2024-05-28,2024-05-31,2024-05-11,661.81,Checked-Out
B000810,G00415,Executive Suite,2024-09-11,2024-09-12,2024-08-28,582.59,Checked-Out
B000811,G00419,Deluxe King,2024-10-23,2024-10-26,2024-07-31,672.31,Checked-Out
B000812,G00262,Deluxe King,2024-05-05,2024-05-08,2024-01-20,538.27,Checked-Out
B000813,G00435,Deluxe King,2024-08-12,2024-08-16,2024-06-27,663.08,Checked-Out
B000814,G00152,Deluxe King,2024-05-15,2024-05-22,2024-05-06,1614.59,Checked-Out
B000815,G00166,Standard Queen,2024-07-04,2024-07-06,2024-05-13,326.75,Checked-Out
B000816,G00083,Executive Suite,2024-01-17,2024-01-21,2024-01-07,1997.67,Checked-Out
B000817,G00546,Suite,2024-12-20,2024-12-23,2024-09-22,972.76,Checked-Out
B000818,G00092,Deluxe King,2025-02-20,2025-02-22,2024-12-03,495.28,Checked-Out
B000819,G00408,Suite,2024-04-20,2024-04-25,2024-02-25,1635.39,Checked-Out
B000820,G00538,Standard Queen,2025-01-05,2025-01-10,2024-12-23,626.19,Checked-Out
B000821,G00499,Standard Queen,2024-09-24,2024-09-27,2024-08-01,401.94,Checked-Out
B000822,G00188,Suite,2024-05-07,2024-05-10,2024-04-03,937.46,Checked-Out
B000823,G00082,Executive Suite,2024-04-29,2024-05-02,2024-04-08,1281.9,Checked-Out
B000824,G00104,Standard Queen,2024-05-31,2024-06-02,2024-05-30,327.85,Checked-Out
B000825,G00008,Suite,2024-01-05,2024-01-09,2024-01-05,1149.3,Checked-Out
B000826,G00345,Deluxe King,2024-09-04,2024-09-06,2024-07-11,471.38,Checked-Out
B000827,G00388,Suite,2024-08-18,2024-08-28,2024-07-08,4446.73,Checked-Out
B000828,G00412,Suite,2024-11-13,2024-11-19,2024-11-08,1683.24,No-Show
B000829,G00378,Standard Queen,2024-03-13,2024-03-19,2024-03-12,1034.67,Checked-Out
B000830,G00330,Deluxe King,2024-10-10,2024-10-16,2024-08-19,1356.14,Checked-Out
B000831,G00497,Suite,2024-03-07,2024-03-08,2024-01-09,336.97,Checked-Out
B000832,G00103,Deluxe King,2024-09-17,2024-09-18,2024-07-23,253.15,Cancelled
B000833,G00517,Executive Suite,2024-07-30,2024-08-03,2024-07-16,2476.23,Checked-Out
B000834,G00173,Suite,2024-01-27,2024-01-29,2024-01-17,752.06,No-Show
B000835,G00092,Standard Queen,2025-01-15,2025-01-19,2024-08-16,543.49,Checked-Out
B000836,G00288,Executive Suite,2024-04-17,2024-04-18,2024-02-24,481.63,Checked-Out
B000837,G00548,Executive Suite,2024-06-13,2024-06-16,2024-04-22,1292.32,Checked-Out
B000838,G00067,Standard Queen,2024-12-23,2024-12-28,2024-11-20,683.93,Checked-Out
B000839,G00448,Suite,2024-12-25,2024-12-29,2024-11-25,1577.74,Checked-Out
B000840,G00193,Standard Queen,2024-05-10,2024-05-12,2024-04-29,291.04,Checked-Out
B000841,G00064,Standard Double,2024-04-04,2024-04-10,2024-02-29,914.31,Checked-Out
B000842,G00130,Deluxe King,2024-12-26,2024-12-29,2024-10-29,711.38,Checked-Out
B000843,G00149,Deluxe King,2024-11-11,2024-11-13,2024-09-23,427.66,Checked-Out
B000844,G00036,Standard Queen,2024-08-15,2024-08-19,2024-05-31,565.02,Checked-Out
B000845,G00490,Standard Queen,2024-11-26,2024-12-06,2024-11-02,1947.64,Checked-Out
B000846,G00157,Standard Double,2025-02-03,2025-02-05,2024-11-19,232.23,Checked-Out
B000847,G00184,Suite,2024-07-16,2024-07-21,2024-04-17,1446.0,No-Show
B000848,G00562,Suite,2024-10-16,2024-10-25,2024-09-06,3856.42,Cancelled
B000849,G00290,Standard Queen,2024-08-17,2024-08-20,2024-07-19,448.06,Checked-Out
B000850,G00595,Deluxe King,2024-06-30,2024-07-04,2024-05-24,678.93,Checked-Out
B000851,G00495,Suite,2024-04-20,2024-04-22,2024-01-28,762.01,Checked-Out
B000852,G00590,Suite,2024-08-04,2024-08-06,2024-05-29,817.36,Checked-Out
B000853,G00058,Standard Double,2024-04-20,2024-04-22,2024-02-22,283.8,Checked-Out
B000854,G00445,Standard Queen,2024-03-13,2024-03-15,2024-02-19,387.04,Checked-Out
B000855,G00177,Standard Queen,2024-04-29,2024-05-01,2024-03-17,299.5,Checked-Out
B000856,G00392,Suite,2025-01-24,2025-01-28,2024-11-30,1580.96,Checked-Out
B000857,G00522,Standard Queen,2024-07-04,2024-07-07,2024-05-20,378.59,Checked-Out
B000858,G00496,Suite,2024-05-02,2024-05-04,2024-04-25,838.02,Checked-Out
B000859,G00551,Standard Queen,2025-01-05,2025-01-08,2024-11-26,374.29,Cancelled
B000860,G00501,Deluxe King,2024-05-27,2024-05-28,2024-04-04,213.64,Checked-Out
B000861,G00213,Suite,2024-03-22,2024-03-25,2024-02-02,1182.14,Checked-Out
B000862,G00322,Suite,2025-02-07,2025-02-13,2024-12-03,1685.59,Checked-Out
B000863,G00087,Standard Queen,2024-03-06,2024-03-10,2024-03-03,557.03,Checked-Out
B000864,G00255,Standard Queen,2024-04-15,2024-04-23,2024-03-04,1546.26,Checked-Out
B000865,G00536,Deluxe King,2024-06-06,2024-06-10,2024-06-02,870.83,Checked-Out
B000866,G00193,Standard Queen,2024-08-15,2024-08-17,2024-06-29,362.96,Checked-Out
B000867,G00132,Deluxe King,2024-03-27,2024-04-04,2024-03-13,1452.83,Checked-Out
B000868,G00086,Deluxe King,2025-01-01,2025-01-03,2024-11-14,500.73,Checked-Out
B000869,G00198,Standard Queen,2024-07-02,2024-07-04,2024-05-10,334.44,Checked-Out
B000870,G00324,Deluxe King,2025-01-29,2025-02-02,2024-12-31,705.62,Checked-Out
B000871,G00417,Standard Queen,2024-09-06,2024-09-08,2024-08-10,319.72,Checked-Out
B000872,G00232,Standard Queen,2024-02-13,2024-02-16,2024-02-03,421.48,No-Show
B000873,G00127,Standard Queen,2024-05-26,2024-06-04,2024-05-20,1722.45,Checked-Out
B000874,G00586,Suite,2024-05-28,2024-05-30,2024-03-30,731.37,Checked-Out
B000875,G00186,Standard Queen,2024-07-13,2024-07-14,2024-05-24,143.85,Checked-Out
B000876,G00489,Deluxe King,2024-09-15,2024-09-23,2024-06-25,1755.69,Checked-Out
B000877,G00582,Suite,2024-11-07,2024-11-11,2024-10-30,1580.29,Checked-Out
B000878,G00188,Standard Queen,2024-05-21,2024-05-25,2024-05-16,662.61,Checked-Out
B000879,G00235,Standard Queen,2025-01-09,2025-01-12,2024-08-12,456.25,Cancelled
B000880,G00082,Deluxe King,2024-07-08,2024-07-16,2024-06-05,1530.19,Checked-Out
B000881,G00505,Standard Queen,2024-03-13,2024-03-15,2024-02-09,351.51,Checked-Out
B000882,G00546,Executive Suite,2024-05-30,2024-06-03,2024-01-06,1736.43,Checked-Out
B000883,G00548,Executive Suite,2024-12-31,2025-01-04,2024-12-23,2345.92,Checked-Out
B000884,G00044,Suite,2024-07-24,2024-08-01,2024-06-25,3472.46,Checked-Out
B000885,G00077,Executive Suite,2024-12-12,2024-12-16,2024-11-06,2123.52,Checked-Out
B000886,G00116,Standard Queen,2024-09-21,2024-09-24,2024-07-06,471.49,Checked-Out
B000887,G00495,Executive Suite,2024-08-29,2024-09-03,2024-06-22,3072.26,Checked-Out
B000888,G00528,Deluxe King,2024-06-07,2024-06-11,2024-05-30,726.99,Checked-Out
B000889,G00337,Deluxe King,2024-04-17,2024-04-21,2024-01-19,782.3,Checked-Out
B000890,G00442,Suite,2024-06-09,2024-06-11,2024-06-01,700.72,Checked-Out
B000891,G00160,Standard Queen,2024-10-02,2024-10-05,2024-09-08,387.86,Checked-Out
B000892,G00276,Standard Queen,2024-12-25,2024-12-28,2024-12-02,456.38,Checked-Out
B000893,G00368,Standard Queen,2024-08-18,2024-08-23,2024-02-25,732.65,Checked-Out
B000894,G00033,Standard Queen,2025-01-12,2025-01-14,2024-12-29,303.16,Checked-Out
B000895,G00508,Standard Double,2024-05-08,2024-05-16,2024-03-23,962.52,Checked-Out
B000896,G00399,Suite,2025-01-25,2025-01-30,2024-12-15,1749.89,Checked-Out
B000897,G00243,Standard Queen,2024-03-19,2024-03-24,2024-03-08,729.05,Checked-Out
B000898,G00289,Deluxe King,2024-03-08,2024-03-11,2024-01-27,482.41,Checked-Out
B000899,G00118,Standard Queen,2024-09-11,2024-09-13,2024-09-05,316.69,Checked-Out
B000900,G00106,Deluxe King,2024-09-13,2024-09-17,2024-05-14,829.56,Checked-Out
B000901,G00235,Standard Double,2025-02-12,2025-02-14,2024-12-24,306.77,Checked-Out
B000902,G00205,Standard Queen,2024-03-11,2024-03-13,2024-03-02,261.93,Checked-Out
B000903,G00345,Standard Queen,2024-04-29,2024-05-02,2024-02-16,502.49,Checked-Out
B000904,G00360,Standard Queen,2024-09-22,2024-09-25,2024-08-06,384.76,Checked-Out
B000905,G00330,Standard Queen,2025-02-09,2025-02-15,2024-12-30,720.24,Checked-Out
B000906,G00373,Standard Queen,2024-05-04,2024-05-11,2024-04-18,937.04,Cancelled
B000907,G00370,Suite,2024-07-01,2024-07-05,2024-06-20,1659.32,Checked-Out
B000908,G00394,Deluxe King,2024-08-22,2024-08-25,2024-07-04,675.07,Checked-Out
B000909,G00196,Deluxe King,2024-04-19,2024-04-23,2024-02-14,656.42,Cancelled
B000910,G00486,Executive Suite,2024-06-07,2024-06-08,2024-04-08,554.75,Checked-Out
B000911,G00574,Standard Queen,2024-05-18,2024-05-19,2024-04-13,161.29,Checked-Out
B000912,G00537,Standard Queen,2024-09-09,2024-09-13,2024-06-26,610.84,Checked-Out
B000913,G00580,Suite,2024-10-20,2024-10-23,2024-09-14,907.69,Checked-Out
B000914,G00526,Suite,2024-03-25,2024-03-27,2024-02-01,733.26,Checked-Out
B000915,G00189,Suite,2024-03-03,2024-03-06,2024-02-08,1050.45,Checked-Out
B000916,G00516,Standard Queen,2024-01-16,2024-01-19,2024-01-02,568.94,Checked-Out
B000917,G00176,Standard Queen,2025-02-05,2025-02-07,2024-12-28,346.24,Checked-Out
B000918,G00137,Deluxe King,2024-04-27,2024-04-29,2024-04-24,508.41,Checked-Out
B000919,G00002,Standard Queen,2024-07-19,2024-07-23,2024-05-18,727.02,Checked-Out
B000920,G00271,Standard Queen,2025-01-03,2024-12-25,2024-11-28,1718.84,No-Show
B000921,G00365,Standard Double,2024-04-28,2024-04-30,2024-03-09,311.63,Checked-Out
B000922,G00598,Standard Double,2024-05-31,2024-06-02,2024-04-22,299.23,Cancelled
B000923,G00565,Suite,2024-04-17,2024-04-20,2024-02-24,1296.76,Checked-Out
B000924,G00405,Standard Queen,2024-06-22,2024-06-24,2024-04-15,334.47,No-Show
B000925,G00186,Deluxe King,2024-05-13,2024-05-17,2024-03-20,1000.87,Checked-Out
B000926,G00022,Deluxe King,2024-09-05,2024-09-07,2024-08-23,465.9,Checked-Out
B000927,G00437,Suite,2024-06-20,2024-06-25,2024-06-07,1564.37,Checked-Out
B000928,G00013,Standard Queen,2024-06-25,2024-07-04,2024-05-05,1435.58,Checked-Out
B000929,G00045,Suite,2024-11-10,2024-11-11,2024-11-04,413.6,Checked-Out
B000930,G00010,Executive Suite,2024-03-18,2024-03-20,2024-03-08,1099.82,Checked-Out
B000931,G00577,Suite,2024-04-21,2024-04-23,2024-02-24,630.81,Checked-Out
B000932,G00557,Standard Queen,2024-10-24,2024-10-26,2024-08-15,248.38,Checked-Out
B000933,G00146,Standard Queen,2024-03-04,2024-03-06,2024-03-04,316.73,Checked-Out
B000934,G00394,Deluxe King,2024-03-02,2024-03-04,2024-01-01,390.66,Checked-Out
B000935,G00289,Deluxe King,2025-03-14,2025-03-21,2024-12-17,1813.54,Checked-Out
B000936,G00155,Executive Suite,2024-07-06,2024-07-08,2024-07-01,1259.94,No-Show
B000937,G00309,Suite,2024-05-12,2024-05-15,2024-04-01,918.87,Checked-Out
B000938,G00272,Standard Queen,2025-01-26,2025-02-01,2024-11-15,944.66,Checked-Out
B000939,G00328,Executive Suite,2025-02-24,2025-02-25,2024-12-30,437.16,Checked-Out
B000940,G00149,Standard Queen,2024-04-08,2024-04-13,2024-03-16,760.29,Checked-Out
B000941,G00424,Deluxe King,2024-02-28,2024-03-01,2024-02-16,383.86,Checked-Out
B000942,G00563,Executive Suite,2024-12-15,2024-12-17,2024-11-04,1260.8,Checked-Out
B000943,G00432,Suite,2024-10-27,2024-10-30,2024-09-11,,Checked-Out
B000944,G00209,Standard Queen,2024-11-18,2024-11-23,2024-09-26,632.72,Checked-Out
B000945,G00143,Executive Suite,2024-02-01,2024-02-09,2024-01-09,3319.15,Checked-Out
B000946,G00230,Standard Double,2024-07-26,2024-08-01,2024-05-30,1055.44,Checked-Out
B000947,G00435,Suite,2024-03-03,2024-03-11,2024-01-29,2768.45,Checked-Out
B000948,G00031,Standard Queen,2024-07-10,2024-07-14,2024-07-09,731.23,No-Show
B000949,G00187,Standard Queen,2024-03-26,2024-03-28,2024-03-16,364.66,Checked-Out
B000950,G00455,Executive Suite,2024-10-21,2024-10-24,2024-08-28,1552.64,Checked-Out
B000951,G00178,Standard Queen,2025-01-05,2025-01-07,2024-11-26,336.37,Checked-Out
B000952,G00265,Suite,2024-10-04,2024-10-09,2024-09-14,2166.48,Checked-Out
B000953,G00387,Executive Suite,2024-12-11,2024-12-13,2024-10-19,935.91,Checked-Out
B000954,G00573,Standard Queen,2024-04-17,2024-04-21,2024-03-05,535.11,Checked-Out
B000955,G00390,Deluxe King,2025-01-31,2025-02-04,2024-11-05,901.08,Checked-Out
B000956,G00344,Standard Queen,2024-03-30,2024-04-03,2024-03-25,512.52,Checked-Out
B000957,G00317,Standard Queen,2024-01-28,2024-01-31,2024-01-15,494.35,Checked-Out
B000958,G00046,Standard Queen,2024-05-27,2024-06-03,2024-04-06,884.65,Checked-Out
B000959,G00366,Standard Queen,2025-03-16,2025-03-17,2024-10-15,190.76,Checked-Out
B000960,G00100,Suite,2024-10-26,2024-10-28,2024-05-24,813.99,Cancelled
B000961,G00392,Deluxe King,2024-08-11,2024-08-14,2024-06-18,712.52,Checked-Out
B000962,G00096,Standard Queen,2024-10-29,2024-10-30,2024-09-01,171.18,Checked-Out
B000963,G00514,Standard Queen,2024-07-23,2024-07-27,2024-04-28,695.57,Cancelled
B000964,G00348,Executive Suite,2025-03-08,2025-03-12,2024-09-21,1941.42,Checked-Out
B000965,G00077,Suite,2024-06-18,2024-06-19,2024-05-28,399.5,Checked-Out
B000966,G00090,Standard Queen,2024-05-04,2024-05-05,2024-03-19,177.47,Checked-Out
B000967,G00362,Standard Queen,2024-09-17,2024-09-19,2024-09-12,250.22,Checked-Out
B000968,G00144,Deluxe King,2024-02-22,2024-02-24,2024-02-15,371.21,No-Show
B000969,G00133,Executive Suite,2024-08-04,2024-08-05,2024-03-04,500.23,No-Show
B000970,G00270,Deluxe King,2024-09-09,2024-09-17,2024-08-13,1825.76,Checked-Out
B000971,G00108,Standard Queen,2024-12-15,2024-12-19,2024-12-15,726.37,Checked-Out
B000972,G00096,Standard Queen,2024-06-23,2024-06-26,2024-05-28,447.35,Checked-Out
B000973,G00111,Suite,2024-08-17,2024-08-20,2024-06-27,897.29,Checked-Out
B000974,G00218,Standard Queen,2024-08-28,2024-08-31,2024-07-22,437.05,Checked-Out
B000975,G00219,Standard Queen,2025-01-28,2025-01-30,2024-12-25,263.36,Checked-Out
B000976,G00485,Standard Queen,2024-08-01,2024-08-06,2024-06-12,903.2,Checked-Out
B000977,G00086,Suite,2024-04-19,2024-04-27,2024-04-19,2617.79,Checked-Out
B000978,G00220,Executive Suite,2024-03-19,2024-03-20,2024-03-13,512.86,Checked-Out
B000979,G00305,Standard Queen,2025-02-12,2025-02-17,2024-12-08,938.12,Checked-Out
B000980,G00448,Deluxe King,2024-04-15,2024-04-18,2024-03-25,715.16,Cancelled
B000981,G00080,Standard Queen,2024-09-17,2024-09-20,2024-06-30,536.19,Checked-Out
B000982,G00325,Standard Double,2025-01-11,2025-01-13,2024-12-07,355.46,Checked-Out
B000983,G00417,Deluxe King,2024-01-30,2024-02-06,2024-01-08,1341.49,Checked-Out
B000984,G00593,Executive Suite,2024-06-14,2024-06-23,2024-05-14,5528.85,Checked-Out
B000985,G00357,Deluxe King,2024-02-22,2024-02-25,2024-02-19,529.83,Checked-Out
B000986,G00315,Standard Queen,2024-10-11,2024-10-14,2024-04-17,543.1,Checked-Out
B000987,G00361,Deluxe King,2024-11-17,2024-11-21,2024-09-14,822.4,Checked-Out
B000988,G00567,Executive Suite,2024-11-28,2024-11-30,2024-10-04,1029.41,Checked-Out
B000989,G00291,Suite,2024-11-21,2024-11-24,2024-10-31,1201.49,Checked-Out
B000990,G00092,Standard Queen,2025-02-23,2025-03-02,2024-12-25,886.0,Checked-Out
B000991,G00455,Suite,2024-12-04,2024-12-06,2024-11-28,778.34,Checked-Out
B000992,G00565,Executive Suite,2024-10-16,2024-10-20,2024-09-14,1811.87,Checked-Out
B000993,G00406,Deluxe King,2024-08-06,2024-08-14,2024-07-14,1915.0,Checked-Out
B000994,G00425,Standard Queen,2024-03-30,2024-04-01,2024-01-04,371.94,Checked-Out
B000995,G00532,Standard Queen,2024-12-31,2025-01-01,2024-12-10,179.29,Checked-Out
B000996,G00198,Standard Double,2024-11-16,2024-11-24,2024-11-03,,Cancelled
B000997,G00400,Executive Suite,2025-01-07,2025-01-08,2024-11-11,507.28,Cancelled
B000998,G00517,Deluxe King,2024-05-09,2024-05-12,2024-03-29,509.87,Checked-Out
B000999,G00163,Suite,2024-04-26,2024-04-29,2024-03-01,1321.25,Checked-Out
B001000,G00557,Standard Queen,2024-06-24,2024-06-25,2024-06-14,177.75,Checked-Out
B001001,G00180,Standard Queen,2024-06-30,2024-07-04,2024-05-25,640.6,Checked-Out
B001002,G00488,Standard Queen,2024-08-18,2024-08-22,2024-08-04,500.52,Checked-Out
B001003,G00340,Standard Queen,2024-12-08,2024-12-11,2024-11-23,468.17,Checked-Out
B001004,G00179,Deluxe King,2024-05-09,2024-05-19,2024-04-30,1860.81,Checked-Out
B001005,G00279,Standard Queen,2024-06-02,2024-06-07,2024-04-05,921.68,Checked-Out
